scenario,model,total_score,return_term,mdd_penalty,sharpe_term,profit_factor_term,trade_count_term,reject_term,residual
smart,candidate,55.8828,34.85,-6.018,12.4648,9.585999999999999,5.0,0.0,0.0
base,candidate,53.1727,33.45,-6.371999999999999,12.0072,9.087499999999999,5.0,0.0,0.0
harsh,candidate,50.4114,32.05,-6.744,11.5424,8.563,5.0,0.0,0.0
smart,baseline,167.899,169.875,-23.105999999999998,12.164,3.9659999999999993,5.0,0.0,0.0
base,baseline,145.7092,150.025,-24.023999999999997,11.1712,3.537,5.0,0.0,0.0
harsh,baseline,123.3249,130.1,-24.965999999999998,10.1224,3.0684999999999993,5.0,0.0,0.0
