{
  "mean_diff": -0.00011528176727744683,
  "ci95_low": -0.00018979632305394782,
  "ci95_high": -4.595845537106598e-05,
  "p_gt_0": 0.0002,
  "n_obs": 15647,
  "block_len": 168,
  "n_resamples": 10000,
  "seed": 1673
}