{
  "miss_k1_sharpe_cv": 0.003246672055579466,
  "miss_k1_sharpe_p5": 1.1325899849500332,
  "miss_k1_sharpe_mean": 1.1379745450794425,
  "miss_k3_sharpe_p5": 1.1270308501643764,
  "outage_168h_sharpe_worst": 1.0737842212677682,
  "outage_168h_sharpe_p5": 1.1141699001620673,
  "delay_1_delta_sharpe": -0.031394104821560465,
  "delay_4_delta_sharpe": -0.3362120238929167,
  "baseline_sharpe": 1.137891990982726,
  "baseline_cagr_native": 0.6182793979994246
}