{
  "1": {
    "n_draws": 2000,
    "n_entries": 192,
    "sharpe_mean": 1.1379745450794425,
    "sharpe_std": 0.0036943621293912985,
    "sharpe_p5": 1.1325899849500332,
    "sharpe_p50": 1.13793908171264,
    "sharpe_p95": 1.1460245700105873,
    "cagr_native_mean": 0.6183584772116213,
    "cagr_native_p5": 0.6133971222528365,
    "cagr_unit_mean": 0.7313316802130483,
    "cagr_unit_p5": 0.7259290115401329,
    "n_trades_mean": 191.9155,
    "n_trades_min": 191,
    "n_trades_max": 192,
    "pct_sharpe_positive": 100.0,
    "pct_cagr_native_positive": 100.0,
    "baseline_sharpe": 1.137891990982726,
    "baseline_cagr_native": 0.6182793979994246
  },
  "2": {
    "n_draws": 2000,
    "n_entries": 192,
    "sharpe_mean": 1.137614487619616,
    "sharpe_std": 0.005023150224258363,
    "sharpe_p5": 1.1289087411106573,
    "sharpe_p50": 1.1374945194923964,
    "sharpe_p95": 1.1474021273561337,
    "cagr_native_mean": 0.6179932979446275,
    "cagr_native_p5": 0.6099131312159427,
    "cagr_unit_mean": 0.7309130905599165,
    "cagr_unit_p5": 0.7220209419048383,
    "n_trades_mean": 191.8475,
    "n_trades_min": 190,
    "n_trades_max": 192,
    "pct_sharpe_positive": 100.0,
    "pct_cagr_native_positive": 100.0,
    "baseline_sharpe": 1.137891990982726,
    "baseline_cagr_native": 0.6182793979994246
  },
  "3": {
    "n_draws": 2000,
    "n_entries": 192,
    "sharpe_mean": 1.1374111551208952,
    "sharpe_std": 0.006189266699547761,
    "sharpe_p5": 1.1270308501643764,
    "sharpe_p50": 1.1371711283318402,
    "sharpe_p95": 1.1487173775104518,
    "cagr_native_mean": 0.617777330584972,
    "cagr_native_p5": 0.6079403212330067,
    "cagr_unit_mean": 0.7306546247986848,
    "cagr_unit_p5": 0.7199430876453834,
    "n_trades_mean": 191.778,
    "n_trades_min": 190,
    "n_trades_max": 192,
    "pct_sharpe_positive": 100.0,
    "pct_cagr_native_positive": 100.0,
    "baseline_sharpe": 1.137891990982726,
    "baseline_cagr_native": 0.6182793979994246
  }
}