{
  "strategy": "E0_plus_EMA1D21",
  "n_trades": 172,
  "t1_n_trades": 172,
  "t1_n_wins": 75,
  "t1_n_losses": 97,
  "t1_win_rate_pct": 43.604651162790695,
  "t1_avg_win_pct": 10.367264213333334,
  "t1_avg_loss_pct": -3.244451247422681,
  "t1_avg_wl_ratio": 3.1953829546888257,
  "t1_profit_factor": 1.7154712725653998,
  "t1_expectancy_pct": 2.6908897965116276,
  "t2_max_win_streak": 5,
  "t2_max_loss_streak": 7,
  "t2_avg_win_streak": 1.7857142857142858,
  "t2_avg_loss_streak": 2.255813953488372,
  "t2_median_win_streak": 1.0,
  "t2_median_loss_streak": 2.0,
  "t2_n_win_streaks": 42,
  "t2_n_loss_streaks": 43,
  "t3_mean_days": 6.889534872093025,
  "t3_median_days": 5.0,
  "t3_min_days": 0.166667,
  "t3_max_days": 35.333333,
  "t3_std_days": 6.2400365373783115,
  "t3_p10_days": 1.3499997000000004,
  "t3_p25_days": 2.5,
  "t3_p75_days": 8.541666750000001,
  "t3_p90_days": 14.466666700000001,
  "t4_mfe_mean": 9.731647889170972,
  "t4_mfe_median": 4.745018704949736,
  "t4_mfe_p90": 23.54838403140825,
  "t4_mae_mean": 3.641703600526131,
  "t4_mae_median": 2.924805220377154,
  "t4_mae_p90": 7.339760783522682,
  "t4_edge_ratio_mean": 12.03373184353455,
  "t4_edge_ratio_median": 1.878876275335967,
  "t4_mfe_mae_corr": -0.2987171786497198,
  "t5_exit_trail_stop_n_trades": 158,
  "t5_exit_trail_stop_pct_of_total": 91.86046511627907,
  "t5_exit_trail_stop_win_rate_pct": 46.20253164556962,
  "t5_exit_trail_stop_avg_return_pct": 3.079402569620253,
  "t5_exit_trail_stop_median_return_pct": -0.32682449999999996,
  "t5_exit_trail_stop_total_pnl_usd": 271061.605847,
  "t5_exit_trail_stop_avg_days_held": 7.337552727848103,
  "t5_exit_trend_exit_n_trades": 14,
  "t5_exit_trend_exit_pct_of_total": 8.13953488372093,
  "t5_exit_trend_exit_win_rate_pct": 14.285714285714286,
  "t5_exit_trend_exit_avg_return_pct": -1.693754357142857,
  "t5_exit_trend_exit_median_return_pct": -1.7138835000000001,
  "t5_exit_trend_exit_total_pnl_usd": -27620.180944999996,
  "t5_exit_trend_exit_avg_days_held": 1.833333357142857,
  "t6_top_1_pnl_usd": 56271.159896,
  "t6_top_1_pnl_pct_of_total": 23.1148663045546,
  "t6_bottom_1_pnl_usd": -13951.90502,
  "t6_top_1_abs_pct": 6.0880122639419705,
  "t6_top_3_pnl_usd": 141075.919972,
  "t6_top_3_pnl_pct_of_total": 57.95066309227841,
  "t6_bottom_3_pnl_usd": -35837.60928,
  "t6_top_3_abs_pct": 15.26309271967725,
  "t6_top_5_pnl_usd": 203123.690623,
  "t6_top_5_pnl_pct_of_total": 83.43842495366991,
  "t6_bottom_5_pnl_usd": -55967.06989,
  "t6_top_5_abs_pct": 21.976080142927405,
  "t6_top_10_pnl_usd": 326906.949451,
  "t6_top_10_pnl_pct_of_total": 134.28567039590732,
  "t6_bottom_10_pnl_usd": -102630.15843400001,
  "t6_top_10_abs_pct": 35.368268951694716,
  "t6_herfindahl_index": 0.019260983190963265,
  "t6_effective_n_trades": 51.91842960899177,
  "t6_gini_coefficient": 0.6091103055107865,
  "t7_base_sharpe": 1.1750001970434214,
  "t7_base_cagr_pct": 64.4300426649062,
  "t7_base_total_pnl": 243441.42490200006,
  "t7_drop_top1_sharpe": 1.1099352702776764,
  "t7_drop_top1_cagr_pct": 58.199961084898064,
  "t7_drop_top1_pnl": 187170.26500600003,
  "t7_drop_top1_sharpe_delta_pct": -5.537439647198681,
  "t7_drop_top1_cagr_delta_pct": -9.669528875543543,
  "t7_drop_top3_sharpe": 0.9716063729545021,
  "t7_drop_top3_cagr_pct": 45.089454322359956,
  "t7_drop_top3_pnl": 102365.50493000001,
  "t7_drop_top3_sharpe_delta_pct": -17.310109785573335,
  "t7_drop_top3_cagr_delta_pct": -30.01796606458044,
  "t7_drop_top5_sharpe": 0.8270204062430434,
  "t7_drop_top5_cagr_pct": 28.22038861412066,
  "t7_drop_top5_pnl": 40317.734279,
  "t7_drop_top5_sharpe_delta_pct": -29.615296378330616,
  "t7_drop_top5_cagr_delta_pct": -56.19995355133954,
  "t7_drop_top10_sharpe": 0.5348272985946456,
  "t7_drop_top10_cagr_pct": -100.0,
  "t7_drop_top10_pnl": -83465.524549,
  "t7_drop_top10_sharpe_delta_pct": -54.482790731406034,
  "t7_drop_top10_cagr_delta_pct": -255.20709883755526,
  "t7_drop_bot1_sharpe": 1.189920679801829,
  "t7_drop_bot1_cagr_pct": 65.79125768657252,
  "t7_drop_bot1_pnl": 257393.32992200006,
  "t7_drop_bot3_sharpe": 1.228894546190939,
  "t7_drop_bot3_cagr_pct": 67.81006038181184,
  "t7_drop_bot3_pnl": 279279.03418200003,
  "t7_drop_bot5_sharpe": 1.2575047298587338,
  "t7_drop_bot5_cagr_pct": 69.55580037001634,
  "t7_drop_bot5_pnl": 299408.49479200004,
  "t7_drop_bot10_sharpe": 1.32689236044307,
  "t7_drop_bot10_cagr_pct": 73.25989568020954,
  "t7_drop_bot10_pnl": 346071.58333600004,
  "t8_skew": 3.260542490971963,
  "t8_excess_kurtosis": 14.388559569217286,
  "t8_jarque_bera_stat": 1691.9059161867235,
  "t8_jarque_bera_p": 0.0,
  "t8_dagostino_stat": 146.70934258494978,
  "t8_dagostino_p": 1.3882607203785913e-32,
  "t8_p1": -9.15482762,
  "t8_p5": -5.96146735,
  "t8_p95": 28.315760349999962,
  "t8_p99": 46.53771581999999,
  "t8_range_p1_p99": 55.69254343999999,
  "t8_tail_ratio_95_5": 4.749797103224924,
  "t8_mean_return_pct": 2.6908897965116276,
  "t8_std_return_pct": 11.780548663102314
}