{
  "mean_diff": 2.5648376483881047e-05,
  "ci95_low": -5.065049381146456e-06,
  "ci95_high": 5.644673780246764e-05,
  "p_gt_0": 0.95,
  "n_obs": 15647,
  "block_len": 168,
  "n_resamples": 10000,
  "seed": 1505
}