{
  "n_rows": 9,
  "bootstrap": 2000,
  "seed": 1337,
  "gate": {
    "scenario": "harsh",
    "block_size": 10,
    "p_candidate_better": 0.972,
    "ci_lower": -0.006298620877264415,
    "ci_upper": 0.39827722496794943,
    "observed_delta": 0.1891642491871306
  }
}