metric_name,observed_a,observed_b,observed_delta,mean_delta,std_delta,ci_lower,ci_upper,p_a_better,n_bootstrap,block_size,scenario
sharpe,1.7121673360728413,1.5204520063792804,0.19171532969356098,0.19382709256001027,0.09700113257273653,0.003508834841586569,0.3980955835778034,0.976,2000,10,smart
sharpe,1.7121673360728413,1.5204520063792804,0.19171532969356098,0.1943582068830244,0.098191444395792,0.0032968878731867023,0.38468227441433217,0.977,2000,20,smart
sharpe,1.7121673360728413,1.5204520063792804,0.19171532969356098,0.19251323720822758,0.09156999009025459,0.012390545896292777,0.374519508470187,0.9815,2000,40,smart
sharpe,1.58695759668516,1.3964268824597723,0.1905307142253876,0.1926551926446784,0.09841704568719871,-6.172748523708586e-05,0.3991202478709733,0.9745,2000,10,base
sharpe,1.58695759668516,1.3964268824597723,0.1905307142253876,0.1933012188438101,0.09984260926101886,-0.0024097270426967445,0.3856952830925735,0.973,2000,20,base
sharpe,1.58695759668516,1.3964268824597723,0.1905307142253876,0.19142103163875623,0.09302432191212527,0.009035816762194325,0.3760235972435306,0.98,2000,40,base
sharpe,1.4544944288208077,1.265330179633677,0.1891642491871306,0.19130190449898593,0.10009643461004725,-0.006298620877264415,0.39827722496794943,0.972,2000,10,harsh
sharpe,1.4544944288208077,1.265330179633677,0.1891642491871306,0.19206775981392918,0.10175250683773275,-0.005631558384317025,0.38684127982214805,0.971,2000,20,harsh
sharpe,1.4544944288208077,1.265330179633677,0.1891642491871306,0.1901502326366164,0.09471503217347407,0.004686795480993132,0.37776693156738506,0.9775,2000,40,harsh
