{
  "scenario": "harsh",
  "candidate_trades": 188,
  "baseline_trades": 192,
  "matched_trades": 145,
  "candidate_only_trades": 43,
  "baseline_only_trades": 47,
  "match_rate": 0.771277,
  "matched_delta_pnl_mean": 413.798543,
  "matched_delta_pnl_median": -4.322388,
  "matched_delta_return_mean": 0.061925,
  "matched_delta_return_median": 0.0,
  "matched_win_rate_baseline": 0.406897,
  "matched_win_rate_candidate": 0.42069,
  "matched_win_rate_delta": 0.013793,
  "matched_p_positive": 0.475862,
  "matched_block_bootstrap_ci_lower": -5e-06,
  "matched_block_bootstrap_ci_upper": 5.6e-05,
  "matched_block_bootstrap_p_positive": 0.95,
  "candidate_fees_usd": 80147.186352,
  "baseline_fees_usd": 58985.535216,
  "delta_fees_usd": 21161.651136,
  "candidate_emergency_dd_share": 0.0,
  "baseline_emergency_dd_share": 0.0,
  "delta_emergency_dd_share_pp": 0.0,
  "candidate_buy_fills_per_episode": 6.37931,
  "baseline_buy_fills_per_episode": 6.821429,
  "delta_buy_fills_per_episode": -0.442118,
  "candidate_dd_episode_count": 29,
  "baseline_dd_episode_count": 28,
  "trade_level_bootstrap": {
    "mean_diff": 2.5648376483881047e-05,
    "ci95_low": -5.065049381146456e-06,
    "ci95_high": 5.644673780246764e-05,
    "p_gt_0": 0.95,
    "n_obs": 15647,
    "block_len": 168,
    "n_resamples": 10000,
    "seed": 1505,
    "ci_crosses_zero": true,
    "small_improvement_threshold": 0.0002,
    "is_small_improvement": true,
    "all_blocks": [
      {
        "mean_diff": 2.5648376483881047e-05,
        "ci95_low": -5.3711593382495215e-06,
        "ci95_high": 5.7462558162697485e-05,
        "p_gt_0": 0.944,
        "n_obs": 15647,
        "block_len": 42,
        "n_resamples": 10000,
        "seed": 1379
      },
      {
        "mean_diff": 2.5648376483881047e-05,
        "ci95_low": -5.353666676453601e-06,
        "ci95_high": 5.674213708035716e-05,
        "p_gt_0": 0.9462,
        "n_obs": 15647,
        "block_len": 84,
        "n_resamples": 10000,
        "seed": 1421
      },
      {
        "mean_diff": 2.5648376483881047e-05,
        "ci95_low": -5.065049381146456e-06,
        "ci95_high": 5.644673780246764e-05,
        "p_gt_0": 0.95,
        "n_obs": 15647,
        "block_len": 168,
        "n_resamples": 10000,
        "seed": 1505
      }
    ],
    "n_timestamps": 15647
  }
}