{
  "mean_giveback": 4.077463,
  "median_giveback": 1.205789,
  "p25": 0.672432,
  "p75": 2.892363,
  "p90": 6.89399,
  "p95": 17.936707,
  "frac_gt_025": 0.989362,
  "frac_gt_050": 0.819149,
  "frac_gt_075": 0.691489,
  "valid_trade_count": 188,
  "na_trade_count": 4
}