{
  "mean_diff": -8.13013560668001e-05,
  "ci95_low": -0.00017913281295947782,
  "ci95_high": 1.05210794065489e-06,
  "p_gt_0": 0.027,
  "n_obs": 3131,
  "block_len": 168,
  "n_resamples": 10000,
  "seed": 1505
}