{
  "mean_diff": -7.610501623624429e-05,
  "ci95_low": -0.00013457250128780094,
  "ci95_high": -1.896656591873813e-05,
  "p_gt_0": 0.0047,
  "n_obs": 15647,
  "block_len": 168,
  "n_resamples": 10000,
  "seed": 1673
}