{
  "scenario": "harsh",
  "candidate_trades": 91,
  "baseline_trades": 98,
  "matched_trades": 81,
  "candidate_only_trades": 10,
  "baseline_only_trades": 17,
  "match_rate": 0.89011,
  "matched_delta_pnl_mean": -643.518738,
  "matched_delta_pnl_median": 0.0,
  "matched_delta_return_mean": -0.617849,
  "matched_delta_return_median": -0.288029,
  "matched_win_rate_baseline": 0.493827,
  "matched_win_rate_candidate": 0.493827,
  "matched_win_rate_delta": 0.0,
  "matched_p_positive": 0.481481,
  "matched_block_bootstrap_ci_lower": -0.000135,
  "matched_block_bootstrap_ci_upper": -1.9e-05,
  "matched_block_bootstrap_p_positive": 0.0047,
  "candidate_fees_usd": 4415.301567,
  "baseline_fees_usd": 13380.36326,
  "delta_fees_usd": -8965.061693,
  "candidate_emergency_dd_share": 0.296703,
  "baseline_emergency_dd_share": 0.336735,
  "delta_emergency_dd_share_pp": -4.00314,
  "candidate_buy_fills_per_episode": 38.272727,
  "baseline_buy_fills_per_episode": 27.388889,
  "delta_buy_fills_per_episode": 10.883838,
  "candidate_dd_episode_count": 11,
  "baseline_dd_episode_count": 18,
  "trade_level_bootstrap": {
    "mean_diff": -7.610501623624429e-05,
    "ci95_low": -0.00013457250128780094,
    "ci95_high": -1.896656591873813e-05,
    "p_gt_0": 0.0047,
    "n_obs": 15647,
    "block_len": 168,
    "n_resamples": 10000,
    "seed": 1673,
    "ci_crosses_zero": false,
    "small_improvement_threshold": 0.0002,
    "is_small_improvement": true,
    "all_blocks": [
      {
        "mean_diff": -7.610501623624429e-05,
        "ci95_low": -0.0001325755039876194,
        "ci95_high": -2.1762969772228086e-05,
        "p_gt_0": 0.0034,
        "n_obs": 15647,
        "block_len": 42,
        "n_resamples": 10000,
        "seed": 1547
      },
      {
        "mean_diff": -7.610501623624429e-05,
        "ci95_low": -0.00013385185872138736,
        "ci95_high": -2.1358641667565878e-05,
        "p_gt_0": 0.0024,
        "n_obs": 15647,
        "block_len": 84,
        "n_resamples": 10000,
        "seed": 1589
      },
      {
        "mean_diff": -7.610501623624429e-05,
        "ci95_low": -0.00013457250128780094,
        "ci95_high": -1.896656591873813e-05,
        "p_gt_0": 0.0047,
        "n_obs": 15647,
        "block_len": 168,
        "n_resamples": 10000,
        "seed": 1673
      }
    ],
    "n_timestamps": 15647
  }
}