{
  "mean_diff": 2.7629743208173937e-05,
  "ci95_low": -4.438762738113419e-06,
  "ci95_high": 6.041738807007463e-05,
  "p_gt_0": 0.9558,
  "n_obs": 15647,
  "block_len": 168,
  "n_resamples": 10000,
  "seed": 1505
}