metric_name,observed_a,observed_b,observed_delta,mean_delta,std_delta,ci_lower,ci_upper,p_a_better,n_bootstrap,block_size,scenario
sharpe,1.6089275644037042,1.5571560942117952,0.051771470191908975,0.05522779249502067,0.08952131849921337,-0.11956889579110826,0.22915642752362464,0.7275,2000,10,smart
sharpe,1.6089275644037042,1.5571560942117952,0.051771470191908975,0.05217091213128488,0.08703616765024569,-0.11157427375692332,0.22983103707856198,0.7245,2000,20,smart
sharpe,1.6089275644037042,1.5571560942117952,0.051771470191908975,0.05368498691615814,0.08738802534002352,-0.11583041975276433,0.2284146330337489,0.728,2000,40,smart
sharpe,1.5231402053908107,1.444287786360275,0.07885241903053575,0.08235806093451882,0.09032884224074822,-0.09445947880307826,0.2563465664998179,0.8205,2000,10,base
sharpe,1.5231402053908107,1.444287786360275,0.07885241903053575,0.07946920599830407,0.08798934517979845,-0.08720638471888446,0.2614333821615284,0.819,2000,20,base
sharpe,1.5231402053908107,1.444287786360275,0.07885241903053575,0.08093056005714308,0.08849337350875068,-0.08813957256042838,0.2600830116428224,0.812,2000,40,base
sharpe,1.4324272865933312,1.324934332967814,0.10749295362551714,0.11104999135241522,0.09136921658991214,-0.06966827087005271,0.28604081931461844,0.896,2000,10,harsh
sharpe,1.4324272865933312,1.324934332967814,0.10749295362551714,0.10833806064730397,0.08919489538572521,-0.06220438696227101,0.2910291152599912,0.891,2000,20,harsh
sharpe,1.4324272865933312,1.324934332967814,0.10749295362551714,0.10974174732308337,0.08983847748346523,-0.06167507313110455,0.2918060532957563,0.8865,2000,40,harsh
