scenario,model,total_score,return_term,mdd_penalty,sharpe_term,profit_factor_term,trade_count_term,reject_term,residual
smart,candidate,78.1462,74.675,-12.276,8.9072,4.24,2.6,0.0,0.0
base,candidate,65.74430000000001,64.22500000000001,-12.786,7.9168,3.7885,2.6,0.0,0.0
harsh,candidate,52.9475,53.525,-13.319999999999999,6.872,3.2704999999999993,2.6,0.0,0.0
smart,baseline,103.6487,93.9,-8.754,10.9112,4.4915,3.1,0.0,0.0
base,baseline,88.22229999999999,80.725,-9.318,9.6888,4.0264999999999995,3.1,0.0,0.0
harsh,baseline,71.40070000000001,67.35000000000001,-10.938,8.3992,3.4894999999999996,3.1,0.0,0.0
