{
  "scenario": "harsh",
  "candidate_trades": 135,
  "baseline_trades": 172,
  "matched_trades": 130,
  "candidate_only_trades": 5,
  "baseline_only_trades": 42,
  "match_rate": 0.962963,
  "matched_delta_pnl_mean": 681.960587,
  "matched_delta_pnl_median": -57.782283,
  "matched_delta_return_mean": 0.462219,
  "matched_delta_return_median": 0.0,
  "matched_win_rate_baseline": 0.423077,
  "matched_win_rate_candidate": 0.430769,
  "matched_win_rate_delta": 0.007692,
  "matched_p_positive": 0.407692,
  "matched_block_bootstrap_ci_lower": -4e-06,
  "matched_block_bootstrap_ci_upper": 6e-05,
  "matched_block_bootstrap_p_positive": 0.9558,
  "candidate_fees_usd": 65050.860602,
  "baseline_fees_usd": 56566.448939,
  "delta_fees_usd": 8484.411663,
  "candidate_emergency_dd_share": 0.0,
  "baseline_emergency_dd_share": 0.0,
  "delta_emergency_dd_share_pp": 0.0,
  "candidate_buy_fills_per_episode": 3.722222,
  "baseline_buy_fills_per_episode": 6.107143,
  "delta_buy_fills_per_episode": -2.384921,
  "candidate_dd_episode_count": 36,
  "baseline_dd_episode_count": 28,
  "trade_level_bootstrap": {
    "mean_diff": 2.7629743208173937e-05,
    "ci95_low": -4.438762738113419e-06,
    "ci95_high": 6.041738807007463e-05,
    "p_gt_0": 0.9558,
    "n_obs": 15647,
    "block_len": 168,
    "n_resamples": 10000,
    "seed": 1505,
    "ci_crosses_zero": true,
    "small_improvement_threshold": 0.0002,
    "is_small_improvement": true,
    "all_blocks": [
      {
        "mean_diff": 2.7629743208173937e-05,
        "ci95_low": -1.5944218071978152e-06,
        "ci95_high": 5.831743908191382e-05,
        "p_gt_0": 0.967,
        "n_obs": 15647,
        "block_len": 42,
        "n_resamples": 10000,
        "seed": 1379
      },
      {
        "mean_diff": 2.7629743208173937e-05,
        "ci95_low": -2.7296051664969292e-06,
        "ci95_high": 5.909402295676129e-05,
        "p_gt_0": 0.9617,
        "n_obs": 15647,
        "block_len": 84,
        "n_resamples": 10000,
        "seed": 1421
      },
      {
        "mean_diff": 2.7629743208173937e-05,
        "ci95_low": -4.438762738113419e-06,
        "ci95_high": 6.041738807007463e-05,
        "p_gt_0": 0.9558,
        "n_obs": 15647,
        "block_len": 168,
        "n_resamples": 10000,
        "seed": 1505
      }
    ],
    "n_timestamps": 15647
  }
}