{
  "baseline": {
    "entry_delay": 0,
    "exit_delay": 0,
    "n_miss": 0,
    "n_trades": 65,
    "native_terminal": 29640.668771164615,
    "sharpe": 0.8160701575880366,
    "cagr_native": 0.1819474107009913,
    "mdd_native": 0.11168818622007222,
    "delta_sharpe": 0.0,
    "delta_cagr_native": 0.0,
    "delta_mdd_native": 0.0,
    "suppressed_entries": 0
  },
  "entry_only_D1": {
    "entry_delay": 1,
    "exit_delay": 0,
    "n_miss": 0,
    "n_trades": 65,
    "native_terminal": 30004.822296333656,
    "sharpe": 0.8494749262427751,
    "cagr_native": 0.18416987646860505,
    "mdd_native": 0.10125853810078703,
    "delta_sharpe": 0.033404768654738515,
    "delta_cagr_native": 0.002222465767613757,
    "delta_mdd_native": -0.010429648119285193,
    "suppressed_entries": 0
  },
  "entry_only_D2": {
    "entry_delay": 2,
    "exit_delay": 0,
    "n_miss": 0,
    "n_trades": 65,
    "native_terminal": 29269.398673544216,
    "sharpe": 0.8283124867517621,
    "cagr_native": 0.179657597942817,
    "mdd_native": 0.10379699393965167,
    "delta_sharpe": 0.012242329163725474,
    "delta_cagr_native": -0.0022898127581743033,
    "delta_mdd_native": -0.007891192280420553,
    "suppressed_entries": 0
  },
  "exit_only_D1": {
    "entry_delay": 0,
    "exit_delay": 1,
    "n_miss": 0,
    "n_trades": 65,
    "native_terminal": 28678.973248018552,
    "sharpe": 0.8039664268950318,
    "cagr_native": 0.17596501003752563,
    "mdd_native": 0.11532757737607172,
    "delta_sharpe": -0.012103730693004744,
    "delta_cagr_native": -0.00598240066346567,
    "delta_mdd_native": 0.003639391155999497,
    "suppressed_entries": 0
  },
  "exit_only_D2": {
    "entry_delay": 0,
    "exit_delay": 2,
    "n_miss": 0,
    "n_trades": 65,
    "native_terminal": 27284.81605760909,
    "sharpe": 0.7544544520487071,
    "cagr_native": 0.16698365666043213,
    "mdd_native": 0.13649807717544374,
    "delta_sharpe": -0.06161570553932949,
    "delta_cagr_native": -0.014963754040559163,
    "delta_mdd_native": 0.02480989095537152,
    "suppressed_entries": 0
  },
  "entry_D1_exit_D1": {
    "entry_delay": 1,
    "exit_delay": 1,
    "n_miss": 0,
    "n_trades": 65,
    "native_terminal": 29063.581448863446,
    "sharpe": 0.8363507324937242,
    "cagr_native": 0.1783776089310749,
    "mdd_native": 0.10676935245174383,
    "delta_sharpe": 0.020280574905687576,
    "delta_cagr_native": -0.003569801769916392,
    "delta_mdd_native": -0.0049188337683283845,
    "suppressed_entries": 0
  },
  "entry_D1_exit_D2": {
    "entry_delay": 1,
    "exit_delay": 2,
    "n_miss": 0,
    "n_trades": 65,
    "native_terminal": 27648.851471605285,
    "sharpe": 0.7844996268213217,
    "cagr_native": 0.16936562321772253,
    "mdd_native": 0.1257971932019341,
    "delta_sharpe": -0.0315705307667149,
    "delta_cagr_native": -0.01258178748326877,
    "delta_mdd_native": 0.01410900698186189,
    "suppressed_entries": 0
  },
  "entry_D2_exit_D1": {
    "entry_delay": 2,
    "exit_delay": 1,
    "n_miss": 0,
    "n_trades": 65,
    "native_terminal": 28347.616430024453,
    "sharpe": 0.8159928468280336,
    "cagr_native": 0.1738643960152375,
    "mdd_native": 0.11077642809131359,
    "delta_sharpe": -7.731076000294657e-05,
    "delta_cagr_native": -0.008083014685753787,
    "delta_mdd_native": -0.0009117581287586274,
    "suppressed_entries": 0
  },
  "entry_D2_exit_D2": {
    "entry_delay": 2,
    "exit_delay": 2,
    "n_miss": 0,
    "n_trades": 65,
    "native_terminal": 26984.329989066515,
    "sharpe": 0.7650029103293959,
    "cagr_native": 0.1649971624469817,
    "mdd_native": 0.12819405595987768,
    "delta_sharpe": -0.05106724725864065,
    "delta_cagr_native": -0.016950248254009592,
    "delta_mdd_native": 0.01650586973980546,
    "suppressed_entries": 0
  },
  "entry_D4_exit_D2": {
    "entry_delay": 4,
    "exit_delay": 2,
    "n_miss": 0,
    "n_trades": 65,
    "native_terminal": 24222.194911136306,
    "sharpe": 0.719135515604706,
    "cagr_native": 0.14580250762765945,
    "mdd_native": 0.13354886599500193,
    "delta_sharpe": -0.09693464198333057,
    "delta_cagr_native": -0.03614490307333185,
    "delta_mdd_native": 0.02186067977492971,
    "suppressed_entries": 0
  },
  "full_LT2_sim": {
    "entry_delay": 2,
    "exit_delay": 1,
    "n_miss": 1,
    "n_trades": 65,
    "native_terminal": 28306.06517461981,
    "sharpe": 0.8151066067745789,
    "cagr_native": 0.17359952059601014,
    "mdd_native": 0.11077642809131359,
    "delta_sharpe": -0.0009635508134576698,
    "delta_cagr_native": -0.00834789010498116,
    "delta_mdd_native": -0.0009117581287586274,
    "suppressed_entries": 0
  }
}