{
  "LT1": {
    "n_draws": 1000,
    "sharpe_mean": 0.8201230192877186,
    "sharpe_std": 0.01371653349724491,
    "sharpe_p5": 0.7977146140918757,
    "sharpe_p50": 0.820092596302481,
    "sharpe_p95": 0.8420375539607143,
    "cagr_mean": 0.1813711749364251,
    "cagr_p5": 0.1767814658166813,
    "cagr_p50": 0.18143517477057036,
    "mdd_mean": 0.11029349230937824,
    "mdd_p95": 0.12157387100042899,
    "delta_sharpe_mean": 0.0040528616996818815,
    "delta_sharpe_p5": -0.01835554349616092,
    "delta_sharpe_p95": 0.025967396372677757,
    "delta_cagr_p5": -0.005165944884310003,
    "delta_mdd_p95": -0.02932612899957102,
    "p_cagr_le_0": 0.0,
    "p_sharpe_positive": 1.0,
    "n_trades_mean": 65.0,
    "suppressed_mean": 0.563,
    "baseline_sharpe": 0.8160701575880366,
    "baseline_cagr": 0.1819474107009913,
    "baseline_mdd": 0.1509
  },
  "LT2": {
    "n_draws": 1000,
    "sharpe_mean": 0.7964158605621241,
    "sharpe_std": 0.02817143454572303,
    "sharpe_p5": 0.7455977193287724,
    "sharpe_p50": 0.7969199353817891,
    "sharpe_p95": 0.8406779910791468,
    "cagr_mean": 0.17093461076759692,
    "cagr_p5": 0.1599355741569554,
    "cagr_p50": 0.17123894384532057,
    "mdd_mean": 0.11455818797449824,
    "mdd_p95": 0.14310580915125973,
    "delta_sharpe_mean": -0.019654297025912554,
    "delta_sharpe_p5": -0.07047243825926415,
    "delta_sharpe_p95": 0.024607833491110204,
    "delta_cagr_p5": -0.0220118365440359,
    "delta_mdd_p95": -0.007794190848740284,
    "p_cagr_le_0": 0.0,
    "p_sharpe_positive": 1.0,
    "n_trades_mean": 65.0,
    "suppressed_mean": 1.966,
    "baseline_sharpe": 0.8160701575880366,
    "baseline_cagr": 0.1819474107009913,
    "baseline_mdd": 0.1509
  },
  "LT3": {
    "n_draws": 1000,
    "sharpe_mean": 0.7136015435761248,
    "sharpe_std": 0.036222918617888615,
    "sharpe_p5": 0.6528683247230407,
    "sharpe_p50": 0.7144662253196141,
    "sharpe_p95": 0.771834089633342,
    "cagr_mean": 0.14496137030014153,
    "cagr_p5": 0.13146111935415783,
    "cagr_p50": 0.14486545786037308,
    "mdd_mean": 0.1413862318861883,
    "mdd_p95": 0.17291115584783767,
    "delta_sharpe_mean": -0.10246861401191165,
    "delta_sharpe_p5": -0.1632018328649959,
    "delta_sharpe_p95": -0.04423606795469454,
    "delta_cagr_p5": -0.05048629134683345,
    "delta_mdd_p95": 0.02201115584783767,
    "p_cagr_le_0": 0.0,
    "p_sharpe_positive": 1.0,
    "n_trades_mean": 65.0,
    "suppressed_mean": 0.0,
    "baseline_sharpe": 0.8160701575880366,
    "baseline_cagr": 0.1819474107009913,
    "baseline_mdd": 0.1509
  }
}