metric_name,observed_a,observed_b,observed_delta,mean_delta,std_delta,ci_lower,ci_upper,p_a_better,n_bootstrap,block_size,scenario
sharpe,1.7161907756002133,1.5204520063792804,0.19573876922093292,0.1947927460139758,0.12587421787844913,-0.04129048177703918,0.436140617574585,0.946,2000,10,smart
sharpe,1.7161907756002133,1.5204520063792804,0.19573876922093292,0.20248248774604077,0.1254975631637569,-0.04588175234736284,0.43484884595586576,0.9375,2000,20,smart
sharpe,1.7161907756002133,1.5204520063792804,0.19573876922093292,0.19795426985335945,0.11914459229783961,-0.04814547826978029,0.42300276380266644,0.9505,2000,40,smart
sharpe,1.5880605503411582,1.3964268824597723,0.19163366788138592,0.19065576960804098,0.1284885344938678,-0.05108110640926587,0.43536106555244997,0.9345,2000,10,base
sharpe,1.5880605503411582,1.3964268824597723,0.19163366788138592,0.19835882383609726,0.12815114709442327,-0.051526078943489255,0.4364566339425912,0.9315,2000,20,base
sharpe,1.5880605503411582,1.3964268824597723,0.19163366788138592,0.19387905196951993,0.12201444480269637,-0.05597366647940991,0.4266906536190222,0.943,2000,40,base
sharpe,1.4524060063411888,1.265330179633677,0.18707582670751166,0.18606488706603153,0.13148058294352394,-0.06629220673636728,0.43683267817922233,0.9235,2000,10,harsh
sharpe,1.4524060063411888,1.265330179633677,0.18707582670751166,0.19377794777894738,0.13115899756547394,-0.06548560243651169,0.4392767553774918,0.92,2000,20,harsh
sharpe,1.4524060063411888,1.265330179633677,0.18707582670751166,0.189350311732868,0.12521359788285602,-0.06412622062722101,0.42831931631191994,0.936,2000,40,harsh
