{
  "n_rows": 9,
  "bootstrap": 2000,
  "seed": 1337,
  "gate": {
    "scenario": "harsh",
    "block_size": 10,
    "p_candidate_better": 0.9235,
    "ci_lower": -0.06629220673636728,
    "ci_upper": 0.43683267817922233,
    "observed_delta": 0.18707582670751166
  }
}