{
  "mean_diff": 2.6319715652537576e-05,
  "ci95_low": -1.5560190267505483e-05,
  "ci95_high": 6.772207005415262e-05,
  "p_gt_0": 0.8828,
  "n_obs": 15647,
  "block_len": 168,
  "n_resamples": 10000,
  "seed": 1505
}