scenario,model,total_score,return_term,mdd_penalty,sharpe_term,profit_factor_term,trade_count_term,reject_term,residual
smart,candidate,198.55610000000001,197.10000000000002,-22.548,13.7296,5.2745,5.0,0.0,0.0
base,candidate,174.7768,175.75,-23.418,12.7048,4.74,5.0,0.0,0.0
harsh,candidate,150.78369999999998,154.325,-24.305999999999997,11.6192,4.1455,5.0,0.0,0.0
smart,baseline,167.899,169.875,-23.105999999999998,12.164,3.9659999999999993,5.0,0.0,0.0
base,baseline,145.7092,150.025,-24.023999999999997,11.1712,3.537,5.0,0.0,0.0
harsh,baseline,123.3249,130.1,-24.965999999999998,10.1224,3.0684999999999993,5.0,0.0,0.0
