scenario,model,total_score,return_term,mdd_penalty,sharpe_term,profit_factor_term,trade_count_term,reject_term,residual
smart,candidate,100.15950000000001,90.275,-8.549999999999999,10.368,3.9664999999999995,4.1,0.0,0.0
base,candidate,78.88820000000001,73.15,-10.584,8.7992,3.4230000000000005,4.1,0.0,0.0
harsh,candidate,57.4005,56.0,-12.654,7.144,2.8105,4.1,0.0,0.0
smart,baseline,101.1604,92.125,-9.209999999999999,10.3944,4.351000000000001,3.5,0.0,0.0
base,baseline,83.5206,77.375,-10.26,9.0736,3.832,3.5,0.0,0.0
harsh,baseline,65.4203,62.474999999999994,-11.478,7.6808,3.2425000000000006,3.5,0.0,0.0
