{
  "scenario": "harsh",
  "candidate_trades": 194,
  "baseline_trades": 192,
  "matched_trades": 97,
  "candidate_only_trades": 97,
  "baseline_only_trades": 95,
  "match_rate": 0.5,
  "matched_delta_pnl_mean": 784.432298,
  "matched_delta_pnl_median": 53.497564,
  "matched_delta_return_mean": 0.063401,
  "matched_delta_return_median": 0.0,
  "matched_win_rate_baseline": 0.350515,
  "matched_win_rate_candidate": 0.391753,
  "matched_win_rate_delta": 0.041237,
  "matched_p_positive": 0.57732,
  "matched_block_bootstrap_ci_lower": -1.6e-05,
  "matched_block_bootstrap_ci_upper": 6.8e-05,
  "matched_block_bootstrap_p_positive": 0.8828,
  "candidate_fees_usd": 83834.156774,
  "baseline_fees_usd": 58985.535216,
  "delta_fees_usd": 24848.621558,
  "candidate_emergency_dd_share": 0.0,
  "baseline_emergency_dd_share": 0.0,
  "delta_emergency_dd_share_pp": 0.0,
  "candidate_buy_fills_per_episode": 5.558824,
  "baseline_buy_fills_per_episode": 6.821429,
  "delta_buy_fills_per_episode": -1.262605,
  "candidate_dd_episode_count": 34,
  "baseline_dd_episode_count": 28,
  "trade_level_bootstrap": {
    "mean_diff": 2.6319715652537576e-05,
    "ci95_low": -1.5560190267505483e-05,
    "ci95_high": 6.772207005415262e-05,
    "p_gt_0": 0.8828,
    "n_obs": 15647,
    "block_len": 168,
    "n_resamples": 10000,
    "seed": 1505,
    "ci_crosses_zero": true,
    "small_improvement_threshold": 0.0002,
    "is_small_improvement": true,
    "all_blocks": [
      {
        "mean_diff": 2.6319715652537576e-05,
        "ci95_low": -1.751341704989911e-05,
        "ci95_high": 6.911918446600389e-05,
        "p_gt_0": 0.8821,
        "n_obs": 15647,
        "block_len": 42,
        "n_resamples": 10000,
        "seed": 1379
      },
      {
        "mean_diff": 2.6319715652537576e-05,
        "ci95_low": -1.6374071880835386e-05,
        "ci95_high": 6.904106859268567e-05,
        "p_gt_0": 0.8899,
        "n_obs": 15647,
        "block_len": 84,
        "n_resamples": 10000,
        "seed": 1421
      },
      {
        "mean_diff": 2.6319715652537576e-05,
        "ci95_low": -1.5560190267505483e-05,
        "ci95_high": 6.772207005415262e-05,
        "p_gt_0": 0.8828,
        "n_obs": 15647,
        "block_len": 168,
        "n_resamples": 10000,
        "seed": 1505
      }
    ],
    "n_timestamps": 15647
  }
}