{
  "candidate_label": "E5_plus_EMA1D21",
  "trade_count": 186,
  "win_count": 83,
  "loss_count": 103,
  "win_rate": 44.6237,
  "avg_win_pct": 9.774537,
  "avg_loss_pct": -3.145967,
  "wl_ratio": 3.107,
  "expectancy_pct": 2.619634,
  "profit_factor": 1.777058,
  "max_win_streak": 7,
  "max_loss_streak": 8,
  "median_hold_days": 4.833333,
  "trail_stop_exit_pct": 93.0108,
  "trend_exit_pct": 93.0108,
  "floor_exit_pct": 0.0,
  "skewness": 3.084115,
  "excess_kurtosis": 11.889385,
  "jarque_bera": 1390.385,
  "jarque_bera_pvalue": 1.2070497582083389e-302,
  "gini": 0.607135,
  "hhi": 0.016923,
  "effective_n": 59.0916,
  "native_top1_share": 21.1773,
  "native_top3_share": 50.0392,
  "native_top5_share": 73.8108,
  "native_top10_share": 114.7778,
  "native_drop_top1_sharpe": 1.203413,
  "native_drop_top3_sharpe": 1.085969,
  "native_drop_top5_sharpe": 0.935535,
  "native_drop_top10_sharpe": 0.682323,
  "native_drop_top1_cagr": 64.591163,
  "native_drop_top3_cagr": 53.970683,
  "native_drop_top5_cagr": 40.557562,
  "native_drop_top10_cagr": -100.0,
  "base_sharpe": 1.270151,
  "base_cagr_pct": 70.509746,
  "base_total_pnl": 310900.1
}