metric_name,observed_a,observed_b,observed_delta,mean_delta,std_delta,ci_lower,ci_upper,p_a_better,n_bootstrap,block_size,scenario
sharpe,1.6031477700593881,1.5571560942117952,0.045991675847592894,0.04958445887917499,0.08941385378387853,-0.1274271553197089,0.22435112695721834,0.71,2000,10,smart
sharpe,1.6031477700593881,1.5571560942117952,0.045991675847592894,0.04617278620630141,0.0867549224486311,-0.11710581691416526,0.2240159709101413,0.6985,2000,20,smart
sharpe,1.6031477700593881,1.5571560942117952,0.045991675847592894,0.047644967031444704,0.0871207942086597,-0.1194458399425505,0.22286475045613183,0.705,2000,40,smart
sharpe,1.5154480649569455,1.444287786360275,0.07116027859667051,0.07482069670452653,0.09020769907688793,-0.10258542395188831,0.25196120837994634,0.793,2000,10,base
sharpe,1.5154480649569455,1.444287786360275,0.07116027859667051,0.07155617634504649,0.08768396625480053,-0.09506627920502538,0.25148136525553216,0.7965,2000,20,base
sharpe,1.5154480649569455,1.444287786360275,0.07116027859667051,0.07293062161848238,0.08817133716637152,-0.09429662142844278,0.25060593520052965,0.787,2000,40,base
sharpe,1.4227183440835913,1.324934332967814,0.09778401111577728,0.10151509438724733,0.0912224948638052,-0.07757942853514238,0.28060960251826833,0.875,2000,10,harsh
sharpe,1.4227183440835913,1.324934332967814,0.09778401111577728,0.09840566217952264,0.08885554671942487,-0.07059284299912852,0.28128043389017315,0.8715,2000,20,harsh
sharpe,1.4227183440835913,1.324934332967814,0.09778401111577728,0.09967502594720852,0.08945177916334392,-0.0683883731260897,0.27970490780866186,0.8615,2000,40,harsh
