{
  "n_rows": 9,
  "bootstrap": 2000,
  "seed": 1337,
  "gate": {
    "scenario": "harsh",
    "block_size": 10,
    "p_candidate_better": 0.875,
    "ci_lower": -0.07757942853514238,
    "ci_upper": 0.28060960251826833,
    "observed_delta": 0.09778401111577728
  }
}