{
  "mean_diff": 2.588351858921516e-05,
  "ci95_low": -6.157514390019145e-06,
  "ci95_high": 5.8867366769562343e-05,
  "p_gt_0": 0.9443,
  "n_obs": 15647,
  "block_len": 168,
  "n_resamples": 10000,
  "seed": 1505
}