scenario,model,total_score,return_term,mdd_penalty,sharpe_term,profit_factor_term,trade_count_term,reject_term,residual
smart,candidate,75.07639999999999,72.02499999999999,-12.276,8.6584,3.9690000000000003,2.7,0.0,0.0
base,candidate,62.3182,61.25,-12.786,7.6312,3.5229999999999997,2.7,0.0,0.0
harsh,candidate,49.2147,50.275,-13.319999999999999,6.5472,3.0125,2.7,0.0,0.0
smart,baseline,103.6487,93.9,-8.754,10.9112,4.4915,3.1,0.0,0.0
base,baseline,88.22229999999999,80.725,-9.318,9.6888,4.0264999999999995,3.1,0.0,0.0
harsh,baseline,71.40070000000001,67.35000000000001,-10.938,8.3992,3.4894999999999996,3.1,0.0,0.0
