scenario,model,total_score,return_term,mdd_penalty,sharpe_term,profit_factor_term,trade_count_term,reject_term,residual
smart,candidate,188.78379999999999,187.375,-21.828,12.8248,5.411999999999999,5.0,0.0,0.0
base,candidate,171.96570000000003,172.425,-22.572,12.1232,4.9895,5.0,0.0,0.0
harsh,candidate,153.8946,157.17499999999998,-24.168,11.3816,4.506,5.0,0.0,0.0
smart,baseline,171.0876,172.8,-23.652,12.4576,4.482,5.0,0.0,0.0
base,baseline,151.0324,154.85,-24.426,11.5544,4.054,5.0,0.0,0.0
harsh,baseline,130.6947,136.75,-25.229999999999997,10.5992,3.5755000000000003,5.0,0.0,0.0
