{
  "scenario": "harsh",
  "candidate_trades": 138,
  "baseline_trades": 172,
  "matched_trades": 133,
  "candidate_only_trades": 5,
  "baseline_only_trades": 39,
  "match_rate": 0.963768,
  "matched_delta_pnl_mean": 573.555935,
  "matched_delta_pnl_median": -66.39739,
  "matched_delta_return_mean": 0.392656,
  "matched_delta_return_median": 0.0,
  "matched_win_rate_baseline": 0.428571,
  "matched_win_rate_candidate": 0.428571,
  "matched_win_rate_delta": 0.0,
  "matched_p_positive": 0.390977,
  "matched_block_bootstrap_ci_lower": -6e-06,
  "matched_block_bootstrap_ci_upper": 5.9e-05,
  "matched_block_bootstrap_p_positive": 0.9443,
  "candidate_fees_usd": 66232.073896,
  "baseline_fees_usd": 56566.448939,
  "delta_fees_usd": 9665.624957,
  "candidate_emergency_dd_share": 0.0,
  "baseline_emergency_dd_share": 0.0,
  "delta_emergency_dd_share_pp": 0.0,
  "candidate_buy_fills_per_episode": 3.805556,
  "baseline_buy_fills_per_episode": 6.107143,
  "delta_buy_fills_per_episode": -2.301587,
  "candidate_dd_episode_count": 36,
  "baseline_dd_episode_count": 28,
  "trade_level_bootstrap": {
    "mean_diff": 2.588351858921516e-05,
    "ci95_low": -6.157514390019145e-06,
    "ci95_high": 5.8867366769562343e-05,
    "p_gt_0": 0.9443,
    "n_obs": 15647,
    "block_len": 168,
    "n_resamples": 10000,
    "seed": 1505,
    "ci_crosses_zero": true,
    "small_improvement_threshold": 0.0002,
    "is_small_improvement": true,
    "all_blocks": [
      {
        "mean_diff": 2.588351858921516e-05,
        "ci95_low": -3.4376315532054312e-06,
        "ci95_high": 5.664220402853758e-05,
        "p_gt_0": 0.9581,
        "n_obs": 15647,
        "block_len": 42,
        "n_resamples": 10000,
        "seed": 1379
      },
      {
        "mean_diff": 2.588351858921516e-05,
        "ci95_low": -4.406073258418141e-06,
        "ci95_high": 5.7450918970746803e-05,
        "p_gt_0": 0.9512,
        "n_obs": 15647,
        "block_len": 84,
        "n_resamples": 10000,
        "seed": 1421
      },
      {
        "mean_diff": 2.588351858921516e-05,
        "ci95_low": -6.157514390019145e-06,
        "ci95_high": 5.8867366769562343e-05,
        "p_gt_0": 0.9443,
        "n_obs": 15647,
        "block_len": 168,
        "n_resamples": 10000,
        "seed": 1505
      }
    ],
    "n_timestamps": 15647
  }
}