{
  "mean_diff": -0.00016937665119550114,
  "ci95_low": -0.00030419485182475974,
  "ci95_high": -4.332528890222386e-05,
  "p_gt_0": 0.0026,
  "n_obs": 15647,
  "block_len": 168,
  "n_resamples": 10000,
  "seed": 1505
}