metric_name,observed_a,observed_b,observed_delta,mean_delta,std_delta,ci_lower,ci_upper,p_a_better,n_bootstrap,block_size,scenario
sharpe,1.5580993683432465,1.5204520063792804,0.03764736196396612,0.03054593429373159,0.2379258410414981,-0.4194549743870152,0.4862788409318253,0.548,2000,10,smart
sharpe,1.5580993683432465,1.5204520063792804,0.03764736196396612,0.028204523579924295,0.24912954741312848,-0.45623746011256666,0.5052060983217748,0.5505,2000,20,smart
sharpe,1.5580993683432465,1.5204520063792804,0.03764736196396612,0.02488211129674343,0.26195212470389084,-0.48059647436633945,0.5256927840163074,0.537,2000,40,smart
sharpe,1.500922151363571,1.3964268824597723,0.10449526890379879,0.0971020819775006,0.23983054325726963,-0.357989112114172,0.555000512715741,0.6545,2000,10,base
sharpe,1.500922151363571,1.3964268824597723,0.10449526890379879,0.0951205943216168,0.2514993659872292,-0.39313703558695723,0.5753931722885127,0.639,2000,20,base
sharpe,1.500922151363571,1.3964268824597723,0.10449526890379879,0.09194859968208689,0.26474046614264835,-0.41837509969239545,0.5969143115727367,0.623,2000,40,base
sharpe,1.4428156292010066,1.265330179633677,0.17748544956732948,0.16973599992845567,0.2418852321999859,-0.28849348153986654,0.6293453752499645,0.7545,2000,10,harsh
sharpe,1.4428156292010066,1.265330179633677,0.17748544956732948,0.1681787166661937,0.2540281077718248,-0.32613883267954963,0.6517104284272969,0.7445,2000,20,harsh
sharpe,1.4428156292010066,1.265330179633677,0.17748544956732948,0.16519492443179593,0.2676737904945741,-0.35799847656969314,0.6758625370191002,0.7225,2000,40,harsh
