{
  "n_rows": 9,
  "bootstrap": 2000,
  "seed": 1337,
  "gate": {
    "scenario": "harsh",
    "block_size": 10,
    "p_candidate_better": 0.7545,
    "ci_lower": -0.28849348153986654,
    "ci_upper": 0.6293453752499645,
    "observed_delta": 0.17748544956732948
  }
}