scenario,model,total_score,return_term,mdd_penalty,sharpe_term,profit_factor_term,trade_count_term,reject_term,residual
smart,candidate,34.9256,19.35,-2.67,8.4296,8.315999999999999,1.5,0.0,0.0
base,candidate,31.450799999999997,17.549999999999997,-2.778,7.6968,7.481999999999999,1.5,0.0,0.0
harsh,candidate,27.769299999999998,15.674999999999999,-2.892,6.9208,6.5655,1.5,0.0,0.0
smart,baseline,101.1604,92.125,-9.209999999999999,10.3944,4.351000000000001,3.5,0.0,0.0
base,baseline,83.5206,77.375,-10.26,9.0736,3.832,3.5,0.0,0.0
harsh,baseline,65.4203,62.474999999999994,-11.478,7.6808,3.2425000000000006,3.5,0.0,0.0
