{
  "scenario": "harsh",
  "candidate_trades": 65,
  "baseline_trades": 192,
  "matched_trades": 14,
  "candidate_only_trades": 51,
  "baseline_only_trades": 178,
  "match_rate": 0.215385,
  "matched_delta_pnl_mean": -3765.311314,
  "matched_delta_pnl_median": -1228.542439,
  "matched_delta_return_mean": -0.868608,
  "matched_delta_return_median": -1.611204,
  "matched_win_rate_baseline": 0.571429,
  "matched_win_rate_candidate": 0.5,
  "matched_win_rate_delta": -0.071429,
  "matched_p_positive": 0.357143,
  "matched_block_bootstrap_ci_lower": -0.000304,
  "matched_block_bootstrap_ci_upper": -4.3e-05,
  "matched_block_bootstrap_p_positive": 0.0026,
  "candidate_fees_usd": 1091.505022,
  "baseline_fees_usd": 58985.535216,
  "delta_fees_usd": -57894.030194,
  "candidate_emergency_dd_share": 0.0,
  "baseline_emergency_dd_share": 0.0,
  "delta_emergency_dd_share_pp": 0.0,
  "candidate_buy_fills_per_episode": 10.2,
  "baseline_buy_fills_per_episode": 6.821429,
  "delta_buy_fills_per_episode": 3.378571,
  "candidate_dd_episode_count": 5,
  "baseline_dd_episode_count": 28,
  "trade_level_bootstrap": {
    "mean_diff": -0.00016937665119550114,
    "ci95_low": -0.00030419485182475974,
    "ci95_high": -4.332528890222386e-05,
    "p_gt_0": 0.0026,
    "n_obs": 15647,
    "block_len": 168,
    "n_resamples": 10000,
    "seed": 1505,
    "ci_crosses_zero": false,
    "small_improvement_threshold": 0.0002,
    "is_small_improvement": true,
    "all_blocks": [
      {
        "mean_diff": -0.00016937665119550114,
        "ci95_low": -0.00029246702436567146,
        "ci95_high": -5.000713188722851e-05,
        "p_gt_0": 0.0025,
        "n_obs": 15647,
        "block_len": 42,
        "n_resamples": 10000,
        "seed": 1379
      },
      {
        "mean_diff": -0.00016937665119550114,
        "ci95_low": -0.000295880339734849,
        "ci95_high": -4.306287159085325e-05,
        "p_gt_0": 0.0021,
        "n_obs": 15647,
        "block_len": 84,
        "n_resamples": 10000,
        "seed": 1421
      },
      {
        "mean_diff": -0.00016937665119550114,
        "ci95_low": -0.00030419485182475974,
        "ci95_high": -4.332528890222386e-05,
        "p_gt_0": 0.0026,
        "n_obs": 15647,
        "block_len": 168,
        "n_resamples": 10000,
        "seed": 1505
      }
    ],
    "n_timestamps": 15647
  }
}