block_len,n_boot,prob_delta_sharpe_gt0,delta_sharpe_p05,delta_sharpe_median,delta_sharpe_p95
12,1200,0.9625,0.031264907465246086,0.4229329713458994,0.8084208962029589
24,1200,0.9516666666666667,0.006346436094000556,0.42219560532562106,0.8844423010472755
48,1200,0.9508333333333333,0.008562718157591218,0.42906875013363416,0.8796382222320406
72,1200,0.945,-0.007491839271648301,0.4280784840109679,0.8504881070696422
144,1200,0.9616666666666667,0.026460773790433087,0.41626369027088583,0.8300026517253334
288,1200,0.9541666666666667,0.018214381692771186,0.43886579340149595,0.8370071368305119
