{
  "baseline": {
    "entry_delay": 0,
    "exit_delay": 0,
    "n_miss": 0,
    "n_trades": 174,
    "native_terminal": 277412.95684510324,
    "sharpe": 1.1836613716944673,
    "cagr_native": 0.6673220692120858,
    "mdd_native": 0.2819818388956429,
    "delta_sharpe": 0.0,
    "delta_cagr_native": 0.0,
    "delta_mdd_native": 0.0,
    "suppressed_entries": 0
  },
  "entry_only_D1": {
    "entry_delay": 1,
    "exit_delay": 0,
    "n_miss": 0,
    "n_trades": 171,
    "native_terminal": 233413.1364342948,
    "sharpe": 1.140559244404758,
    "cagr_native": 0.6236066241293949,
    "mdd_native": 0.30453749846130923,
    "delta_sharpe": -0.04310212728970919,
    "delta_cagr_native": -0.043715445082690874,
    "delta_mdd_native": 0.022555659565666353,
    "suppressed_entries": 0
  },
  "entry_only_D2": {
    "entry_delay": 2,
    "exit_delay": 0,
    "n_miss": 0,
    "n_trades": 160,
    "native_terminal": 110543.046931567,
    "sharpe": 0.9457719154330294,
    "cagr_native": 0.4472491297007555,
    "mdd_native": 0.35199826541877205,
    "delta_sharpe": -0.23788945626143787,
    "delta_cagr_native": -0.22007293951133033,
    "delta_mdd_native": 0.07001642652312917,
    "suppressed_entries": 0
  },
  "exit_only_D1": {
    "entry_delay": 0,
    "exit_delay": 1,
    "n_miss": 0,
    "n_trades": 173,
    "native_terminal": 149315.39755224055,
    "sharpe": 1.0292331649125237,
    "cagr_native": 0.5157636089448603,
    "mdd_native": 0.3414280701640959,
    "delta_sharpe": -0.15442820678194358,
    "delta_cagr_native": -0.15155846026722553,
    "delta_mdd_native": 0.059446231268453,
    "suppressed_entries": 0
  },
  "exit_only_D2": {
    "entry_delay": 0,
    "exit_delay": 2,
    "n_miss": 0,
    "n_trades": 170,
    "native_terminal": 170602.07159762515,
    "sharpe": 1.094939003008612,
    "cagr_native": 0.5471629123563846,
    "mdd_native": 0.38466918013405377,
    "delta_sharpe": -0.08872236868585537,
    "delta_cagr_native": -0.12015915685570122,
    "delta_mdd_native": 0.10268734123841089,
    "suppressed_entries": 0
  },
  "entry_D1_exit_D1": {
    "entry_delay": 1,
    "exit_delay": 1,
    "n_miss": 0,
    "n_trades": 169,
    "native_terminal": 140023.64884520633,
    "sharpe": 1.015300390976095,
    "cagr_native": 0.5008547895324815,
    "mdd_native": 0.3591956275751924,
    "delta_sharpe": -0.16836098071837236,
    "delta_cagr_native": -0.16646727967960429,
    "delta_mdd_native": 0.07721378867954953,
    "suppressed_entries": 0
  },
  "entry_D1_exit_D2": {
    "entry_delay": 1,
    "exit_delay": 2,
    "n_miss": 0,
    "n_trades": 168,
    "native_terminal": 150046.17479042764,
    "sharpe": 1.0613186130966974,
    "cagr_native": 0.5169025494833193,
    "mdd_native": 0.4015142481548229,
    "delta_sharpe": -0.12234275859776989,
    "delta_cagr_native": -0.15041951972876655,
    "delta_mdd_native": 0.11953240925918002,
    "suppressed_entries": 0
  },
  "entry_D2_exit_D1": {
    "entry_delay": 2,
    "exit_delay": 1,
    "n_miss": 0,
    "n_trades": 159,
    "native_terminal": 73522.22997332108,
    "sharpe": 0.8409615818290406,
    "cagr_native": 0.3592369753791973,
    "mdd_native": 0.3733199056214621,
    "delta_sharpe": -0.3426997898654267,
    "delta_cagr_native": -0.3080850938328885,
    "delta_mdd_native": 0.09133806672581923,
    "suppressed_entries": 0
  },
  "entry_D2_exit_D2": {
    "entry_delay": 2,
    "exit_delay": 2,
    "n_miss": 0,
    "n_trades": 159,
    "native_terminal": 75945.88015113807,
    "sharpe": 0.8752544868811767,
    "cagr_native": 0.36603613493672893,
    "mdd_native": 0.4038088510679012,
    "delta_sharpe": -0.3084068848132906,
    "delta_cagr_native": -0.3012859342753569,
    "delta_mdd_native": 0.12182701217225833,
    "suppressed_entries": 0
  },
  "entry_D4_exit_D2": {
    "entry_delay": 4,
    "exit_delay": 2,
    "n_miss": 0,
    "n_trades": 149,
    "native_terminal": 50548.83470303792,
    "sharpe": 0.7634814922360019,
    "cagr_native": 0.2831081206414423,
    "mdd_native": 0.44977088982833663,
    "delta_sharpe": -0.42017987945846536,
    "delta_cagr_native": -0.3842139485706435,
    "delta_mdd_native": 0.16778905093269375,
    "suppressed_entries": 0
  },
  "full_LT2_sim": {
    "entry_delay": 2,
    "exit_delay": 1,
    "n_miss": 1,
    "n_trades": 159,
    "native_terminal": 73522.22997332108,
    "sharpe": 0.8409615818290406,
    "cagr_native": 0.3592369753791973,
    "mdd_native": 0.3733199056214621,
    "delta_sharpe": -0.3426997898654267,
    "delta_cagr_native": -0.3080850938328885,
    "delta_mdd_native": 0.09133806672581923,
    "suppressed_entries": 0
  }
}