{
  "LT1": {
    "n_draws": 1000,
    "sharpe_mean": 1.1528849917333879,
    "sharpe_std": 0.025004502496200988,
    "sharpe_p5": 1.1098583129574697,
    "sharpe_p50": 1.1542048145637178,
    "sharpe_p95": 1.1925218063774257,
    "cagr_mean": 0.6365398780309047,
    "cagr_p5": 0.595355148917819,
    "cagr_p50": 0.637560725350741,
    "mdd_mean": 0.2979391028174399,
    "mdd_p95": 0.3260788798238674,
    "delta_sharpe_mean": -0.030776379961079358,
    "delta_sharpe_p5": -0.07380305873699752,
    "delta_sharpe_p95": 0.008860434682958395,
    "delta_cagr_p5": -0.07196692029426678,
    "delta_mdd_p95": -0.09442112017613259,
    "p_cagr_le_0": 0.0,
    "p_sharpe_positive": 1.0,
    "n_trades_mean": 173.161,
    "suppressed_mean": 5.634,
    "baseline_sharpe": 1.1836613716944673,
    "baseline_cagr": 0.6673220692120858,
    "baseline_mdd": 0.4205
  },
  "LT2": {
    "n_draws": 1000,
    "sharpe_mean": 1.0159378365755678,
    "sharpe_std": 0.04313596547897134,
    "sharpe_p5": 0.9420615841602039,
    "sharpe_p50": 1.016061409745959,
    "sharpe_p95": 1.0869955943706833,
    "cagr_mean": 0.5016803113301854,
    "cagr_p5": 0.4410493220475078,
    "cagr_p50": 0.5002939083570935,
    "mdd_mean": 0.39329374918677934,
    "mdd_p95": 0.4489753312551952,
    "delta_sharpe_mean": -0.16772353511889956,
    "delta_sharpe_p5": -0.24159978753426334,
    "delta_sharpe_p95": -0.09666577732378404,
    "delta_cagr_p5": -0.22627274716457804,
    "delta_mdd_p95": 0.028475331255195167,
    "p_cagr_le_0": 0.0,
    "p_sharpe_positive": 1.0,
    "n_trades_mean": 167.264,
    "suppressed_mean": 13.926,
    "baseline_sharpe": 1.1836613716944673,
    "baseline_cagr": 0.6673220692120858,
    "baseline_mdd": 0.4205
  },
  "LT3": {
    "n_draws": 1000,
    "sharpe_mean": 0.7912461241838277,
    "sharpe_std": 0.06752691565816868,
    "sharpe_p5": 0.6785252034777983,
    "sharpe_p50": 0.7918854518545024,
    "sharpe_p95": 0.9017287309731352,
    "cagr_mean": 0.31313853556020327,
    "cagr_p5": 0.23439046852240109,
    "cagr_p50": 0.3113235683293618,
    "mdd_mean": 0.429219581694791,
    "mdd_p95": 0.5200703837728778,
    "delta_sharpe_mean": -0.3924152475106396,
    "delta_sharpe_p5": -0.505136168216669,
    "delta_sharpe_p95": -0.2819326407213321,
    "delta_cagr_p5": -0.4329316006896847,
    "delta_mdd_p95": 0.0995703837728779,
    "p_cagr_le_0": 0.0,
    "p_sharpe_positive": 1.0,
    "n_trades_mean": 149.808,
    "suppressed_mean": 0.0,
    "baseline_sharpe": 1.1836613716944673,
    "baseline_cagr": 0.6673220692120858,
    "baseline_mdd": 0.4205
  }
}