{
  "1": {
    "n_draws": 2000,
    "n_entries": 174,
    "sharpe_mean": 1.1834466971559925,
    "sharpe_std": 0.004006831892799371,
    "sharpe_p5": 1.1768922190312554,
    "sharpe_p50": 1.1833887517457227,
    "sharpe_p95": 1.1917183956772934,
    "cagr_native_mean": 0.6669766455484643,
    "cagr_native_p5": 0.6595708617055163,
    "cagr_unit_mean": 0.7734606746852135,
    "cagr_unit_p5": 0.7656101771577737,
    "n_trades_mean": 173.925,
    "n_trades_min": 173,
    "n_trades_max": 174,
    "pct_sharpe_positive": 100.0,
    "pct_cagr_native_positive": 100.0,
    "baseline_sharpe": 1.1836613716944673,
    "baseline_cagr_native": 0.6673220692120858
  },
  "2": {
    "n_draws": 2000,
    "n_entries": 174,
    "sharpe_mean": 1.1833073250663002,
    "sharpe_std": 0.0056567906805809485,
    "sharpe_p5": 1.1731162864541707,
    "sharpe_p50": 1.1831357892935706,
    "sharpe_p95": 1.1939482070824723,
    "cagr_native_mean": 0.6667880040905273,
    "cagr_native_p5": 0.65725099035203,
    "cagr_unit_mean": 0.7732201842100146,
    "cagr_unit_p5": 0.7629631789907644,
    "n_trades_mean": 173.8275,
    "n_trades_min": 172,
    "n_trades_max": 174,
    "pct_sharpe_positive": 100.0,
    "pct_cagr_native_positive": 100.0,
    "baseline_sharpe": 1.1836613716944673,
    "baseline_cagr_native": 0.6673220692120858
  },
  "3": {
    "n_draws": 2000,
    "n_entries": 174,
    "sharpe_mean": 1.1834354351210217,
    "sharpe_std": 0.006929297738468163,
    "sharpe_p5": 1.1721314313305042,
    "sharpe_p50": 1.1830234172159027,
    "sharpe_p95": 1.1953014888003688,
    "cagr_native_mean": 0.6666752691215349,
    "cagr_native_p5": 0.6553176985327307,
    "cagr_unit_mean": 0.7730698621953991,
    "cagr_unit_p5": 0.760832606055861,
    "n_trades_mean": 173.7525,
    "n_trades_min": 172,
    "n_trades_max": 174,
    "pct_sharpe_positive": 100.0,
    "pct_cagr_native_positive": 100.0,
    "baseline_sharpe": 1.1836613716944673,
    "baseline_cagr_native": 0.6673220692120858
  }
}