name,dev_sharpe,dev_cagr,dev_mdd,dev_trades,hold_sharpe,hold_cagr,hold_mdd,hold_trades
macro_only,1.5953218468054144,0.8498735727336,-0.2962145284143556,19,0.8053865999044086,0.22202510182398671,-0.19507597970250845,21
micro_only,1.4094054631494821,0.6334790685527103,-0.46277663027823046,93,1.4232512017934233,0.46275737837822195,-0.24100431875757156,39
micro_flow_only,1.4976498825649245,0.6225716820889908,-0.4426379353152624,65,1.4478891427411036,0.4482948220757801,-0.1714800832088873,26
macro_micro_macroexit_true,1.6239763549169954,0.6620490979763294,-0.23892808872350735,57,1.2074607657081253,0.30095824007527905,-0.1630439078976348,30
macro_micro_base,1.6582850250523795,0.6880836355745343,-0.22357088540010972,53,1.7661413616988866,0.5225657174602125,-0.10712199858881222,23
macro_micro_flow_final,1.8337706802708391,0.7338546602896199,-0.227294597845199,35,1.8358930282860428,0.5324260093751243,-0.1128819150260073,16
