{
  "scenario": "harsh",
  "candidate_trades": 86,
  "baseline_trades": 98,
  "matched_trades": 75,
  "candidate_only_trades": 11,
  "baseline_only_trades": 23,
  "match_rate": 0.872093,
  "matched_delta_pnl_mean": -860.868929,
  "matched_delta_pnl_median": -17.411002,
  "matched_delta_return_mean": -1.633694,
  "matched_delta_return_median": -0.308144,
  "matched_win_rate_baseline": 0.493333,
  "matched_win_rate_candidate": 0.506667,
  "matched_win_rate_delta": 0.013333,
  "matched_p_positive": 0.466667,
  "matched_block_bootstrap_ci_lower": -0.000164,
  "matched_block_bootstrap_ci_upper": -3.9e-05,
  "matched_block_bootstrap_p_positive": 0.0003,
  "candidate_fees_usd": 2924.416129,
  "baseline_fees_usd": 13380.36326,
  "delta_fees_usd": -10455.947131,
  "candidate_emergency_dd_share": 0.255814,
  "baseline_emergency_dd_share": 0.336735,
  "delta_emergency_dd_share_pp": -8.092074,
  "candidate_buy_fills_per_episode": 28.0,
  "baseline_buy_fills_per_episode": 27.388889,
  "delta_buy_fills_per_episode": 0.611111,
  "candidate_dd_episode_count": 10,
  "baseline_dd_episode_count": 18,
  "trade_level_bootstrap": {
    "mean_diff": -9.96193669036419e-05,
    "ci95_low": -0.00016428208841779318,
    "ci95_high": -3.878843297791436e-05,
    "p_gt_0": 0.0003,
    "n_obs": 15647,
    "block_len": 168,
    "n_resamples": 10000,
    "seed": 1673,
    "ci_crosses_zero": false,
    "small_improvement_threshold": 0.0002,
    "is_small_improvement": true,
    "all_blocks": [
      {
        "mean_diff": -9.96193669036419e-05,
        "ci95_low": -0.0001608338519124128,
        "ci95_high": -4.1253037924301984e-05,
        "p_gt_0": 0.0006,
        "n_obs": 15647,
        "block_len": 42,
        "n_resamples": 10000,
        "seed": 1547
      },
      {
        "mean_diff": -9.96193669036419e-05,
        "ci95_low": -0.00016176420025732364,
        "ci95_high": -4.1541515578986243e-05,
        "p_gt_0": 0.0001,
        "n_obs": 15647,
        "block_len": 84,
        "n_resamples": 10000,
        "seed": 1589
      },
      {
        "mean_diff": -9.96193669036419e-05,
        "ci95_low": -0.00016428208841779318,
        "ci95_high": -3.878843297791436e-05,
        "p_gt_0": 0.0003,
        "n_obs": 15647,
        "block_len": 168,
        "n_resamples": 10000,
        "seed": 1673
      }
    ],
    "n_timestamps": 15647
  }
}