{
  "strategy": "E5",
  "n_trades": 207,
  "t1_n_trades": 207,
  "t1_n_wins": 90,
  "t1_n_losses": 117,
  "t1_win_rate_pct": 43.47826086956522,
  "t1_avg_win_pct": 9.233117288888888,
  "t1_avg_loss_pct": -2.9843790427350436,
  "t1_avg_wl_ratio": 3.0938152147145384,
  "t1_profit_factor": 1.6672439082178545,
  "t1_expectancy_pct": 2.3275758840579712,
  "t2_max_win_streak": 8,
  "t2_max_loss_streak": 10,
  "t2_avg_win_streak": 1.7647058823529411,
  "t2_avg_loss_streak": 2.2941176470588234,
  "t2_median_win_streak": 1.0,
  "t2_median_loss_streak": 2.0,
  "t2_n_win_streaks": 51,
  "t2_n_loss_streaks": 51,
  "t3_mean_days": 5.7729468599033815,
  "t3_median_days": 4.333333,
  "t3_min_days": 0.166667,
  "t3_max_days": 35.333333,
  "t3_std_days": 5.3449680098854175,
  "t3_p10_days": 1.0,
  "t3_p25_days": 2.0,
  "t3_p75_days": 7.666667,
  "t3_p90_days": 12.766666800000005,
  "t4_mfe_mean": 8.570283934829977,
  "t4_mfe_median": 4.155998701329014,
  "t4_mfe_p90": 19.687013067388396,
  "t4_mae_mean": 3.3853196518161917,
  "t4_mae_median": 2.7021722295049995,
  "t4_mae_p90": 7.051237364333122,
  "t4_edge_ratio_mean": 10.486352567234599,
  "t4_edge_ratio_median": 1.5209146510938123,
  "t4_mfe_mae_corr": -0.25991279370315823,
  "t5_exit_trail_stop_n_trades": 175,
  "t5_exit_trail_stop_pct_of_total": 84.54106280193237,
  "t5_exit_trail_stop_win_rate_pct": 48.0,
  "t5_exit_trail_stop_avg_return_pct": 3.0237925085714283,
  "t5_exit_trail_stop_median_return_pct": -0.147762,
  "t5_exit_trail_stop_total_pnl_usd": 334033.32278600003,
  "t5_exit_trail_stop_avg_days_held": 6.580952382857142,
  "t5_exit_trend_exit_n_trades": 32,
  "t5_exit_trend_exit_pct_of_total": 15.458937198067632,
  "t5_exit_trend_exit_win_rate_pct": 18.75,
  "t5_exit_trend_exit_avg_return_pct": -1.47985878125,
  "t5_exit_trend_exit_median_return_pct": -1.1310505,
  "t5_exit_trend_exit_total_pnl_usd": -61163.941576,
  "t5_exit_trend_exit_avg_days_held": 1.3541666562499999,
  "t6_top_1_pnl_usd": 60066.546609,
  "t6_top_1_pnl_pct_of_total": 22.01293026819042,
  "t6_bottom_1_pnl_usd": -13167.042524,
  "t6_top_1_abs_pct": 5.50479643418844,
  "t6_top_3_pnl_usd": 144618.040972,
  "t6_top_3_pnl_pct_of_total": 52.99899912944138,
  "t6_bottom_3_pnl_usd": -35762.087148000006,
  "t6_top_3_abs_pct": 13.253514996360748,
  "t6_top_5_pnl_usd": 215468.492997,
  "t6_top_5_pnl_pct_of_total": 78.96396878298911,
  "t6_bottom_5_pnl_usd": -56714.124941,
  "t6_top_5_abs_pct": 19.74660204207783,
  "t6_top_10_pnl_usd": 334532.542004,
  "t6_top_10_pnl_pct_of_total": 122.59805058396935,
  "t6_bottom_10_pnl_usd": -104155.491132,
  "t6_top_10_abs_pct": 30.65822239342273,
  "t6_herfindahl_index": 0.015446201090005041,
  "t6_effective_n_trades": 64.74083783922002,
  "t6_gini_coefficient": 0.6002265035351679,
  "t7_base_sharpe": 1.2298582269637433,
  "t7_base_cagr_pct": 67.2325892286316,
  "t7_base_total_pnl": 272869.38121,
  "t7_drop_top1_sharpe": 1.1629533511678412,
  "t7_drop_top1_cagr_pct": 61.202739209436594,
  "t7_drop_top1_pnl": 212802.834601,
  "t7_drop_top1_sharpe_delta_pct": -5.440047830641091,
  "t7_drop_top1_cagr_delta_pct": -8.968641678650595,
  "t7_drop_top3_sharpe": 1.0332907218101042,
  "t7_drop_top3_cagr_pct": 49.79164573834354,
  "t7_drop_top3_pnl": 128251.340238,
  "t7_drop_top3_sharpe_delta_pct": -15.982940215712683,
  "t7_drop_top3_cagr_delta_pct": -25.941204541414095,
  "t7_drop_top5_sharpe": 0.8935568788102223,
  "t7_drop_top5_cagr_pct": 34.117984534214486,
  "t7_drop_top5_pnl": 57400.88821300002,
  "t7_drop_top5_sharpe_delta_pct": -27.34472484554395,
  "t7_drop_top5_cagr_delta_pct": -49.253799495669234,
  "t7_drop_top10_sharpe": 0.6372700270639701,
  "t7_drop_top10_cagr_pct": -100.0,
  "t7_drop_top10_pnl": -61663.160794,
  "t7_drop_top10_sharpe_delta_pct": -48.183456182811135,
  "t7_drop_top10_cagr_delta_pct": -248.7373923082738,
  "t7_drop_bot1_sharpe": 1.2469385051085604,
  "t7_drop_bot1_cagr_pct": 68.4072531204661,
  "t7_drop_bot1_pnl": 286036.42373399995,
  "t7_drop_bot3_sharpe": 1.2799322898398753,
  "t7_drop_bot3_cagr_pct": 70.3237377910736,
  "t7_drop_bot3_pnl": 308631.46835800004,
  "t7_drop_bot5_sharpe": 1.3034635504019056,
  "t7_drop_bot5_cagr_pct": 72.00071185493206,
  "t7_drop_bot5_pnl": 329583.50615100004,
  "t7_drop_bot10_sharpe": 1.374789062674633,
  "t7_drop_bot10_cagr_pct": 75.4961200786887,
  "t7_drop_bot10_pnl": 377024.87234199996,
  "t8_skew": 3.387461842173624,
  "t8_excess_kurtosis": 14.828433159050093,
  "t8_jarque_bera_stat": 2189.5388575870957,
  "t8_jarque_bera_p": 0.0,
  "t8_dagostino_stat": 176.1945496927732,
  "t8_dagostino_p": 5.493380271693941e-39,
  "t8_p1": -8.145805020000001,
  "t8_p5": -5.9689706,
  "t8_p95": 22.62602849999996,
  "t8_p99": 57.28804743999996,
  "t8_range_p1_p99": 65.43385245999995,
  "t8_tail_ratio_95_5": 3.790608132665281,
  "t8_mean_return_pct": 2.3275758840579712,
  "t8_std_return_pct": 10.6801485323289
}