{
  "mean_diff": -0.00010130261627299413,
  "ci95_low": -0.00016381739626957742,
  "ci95_high": -4.171448027874943e-05,
  "p_gt_0": 0.0004,
  "n_obs": 15647,
  "block_len": 168,
  "n_resamples": 10000,
  "seed": 1673
}