{
  "scenario": "harsh",
  "candidate_trades": 88,
  "baseline_trades": 98,
  "matched_trades": 78,
  "candidate_only_trades": 10,
  "baseline_only_trades": 20,
  "match_rate": 0.886364,
  "matched_delta_pnl_mean": -854.960975,
  "matched_delta_pnl_median": -43.909525,
  "matched_delta_return_mean": -1.323864,
  "matched_delta_return_median": -0.922895,
  "matched_win_rate_baseline": 0.5,
  "matched_win_rate_candidate": 0.5,
  "matched_win_rate_delta": 0.0,
  "matched_p_positive": 0.448718,
  "matched_block_bootstrap_ci_lower": -0.000164,
  "matched_block_bootstrap_ci_upper": -4.2e-05,
  "matched_block_bootstrap_p_positive": 0.0004,
  "candidate_fees_usd": 3045.959621,
  "baseline_fees_usd": 13380.36326,
  "delta_fees_usd": -10334.403639,
  "candidate_emergency_dd_share": 0.25,
  "baseline_emergency_dd_share": 0.336735,
  "delta_emergency_dd_share_pp": -8.673469,
  "candidate_buy_fills_per_episode": 36.444444,
  "baseline_buy_fills_per_episode": 27.388889,
  "delta_buy_fills_per_episode": 9.055556,
  "candidate_dd_episode_count": 9,
  "baseline_dd_episode_count": 18,
  "trade_level_bootstrap": {
    "mean_diff": -0.00010130261627299413,
    "ci95_low": -0.00016381739626957742,
    "ci95_high": -4.171448027874943e-05,
    "p_gt_0": 0.0004,
    "n_obs": 15647,
    "block_len": 168,
    "n_resamples": 10000,
    "seed": 1673,
    "ci_crosses_zero": false,
    "small_improvement_threshold": 0.0002,
    "is_small_improvement": true,
    "all_blocks": [
      {
        "mean_diff": -0.00010130261627299413,
        "ci95_low": -0.00016160938087601785,
        "ci95_high": -4.286314706239107e-05,
        "p_gt_0": 0.0003,
        "n_obs": 15647,
        "block_len": 42,
        "n_resamples": 10000,
        "seed": 1547
      },
      {
        "mean_diff": -0.00010130261627299413,
        "ci95_low": -0.00016254891716419335,
        "ci95_high": -4.376500710870522e-05,
        "p_gt_0": 0.0,
        "n_obs": 15647,
        "block_len": 84,
        "n_resamples": 10000,
        "seed": 1589
      },
      {
        "mean_diff": -0.00010130261627299413,
        "ci95_low": -0.00016381739626957742,
        "ci95_high": -4.171448027874943e-05,
        "p_gt_0": 0.0004,
        "n_obs": 15647,
        "block_len": 168,
        "n_resamples": 10000,
        "seed": 1673
      }
    ],
    "n_timestamps": 15647
  }
}