{
  "mean_diff": -0.00010151239007459342,
  "ci95_low": -0.00016573421949747243,
  "ci95_high": -4.3572140317568114e-05,
  "p_gt_0": 0.0002,
  "n_obs": 15647,
  "block_len": 168,
  "n_resamples": 10000,
  "seed": 1505
}