metric_name,observed_a,observed_b,observed_delta,mean_delta,std_delta,ci_lower,ci_upper,p_a_better,n_bootstrap,block_size,scenario
sharpe,0.7914953028300975,1.1872187932623788,-0.3957234904322813,-0.3975360765957333,0.1484195981430508,-0.688369210210902,-0.11843575703506891,0.0015,2000,10,harsh
sharpe,0.7914953028300975,1.1872187932623788,-0.3957234904322813,-0.4019636523880341,0.15208654692107285,-0.7070893599871163,-0.10858207995432363,0.004,2000,20,harsh
sharpe,0.7914953028300975,1.1872187932623788,-0.3957234904322813,-0.39742761398687615,0.15654339681614135,-0.7178298011355096,-0.09273925060660641,0.006,2000,40,harsh
