{
  "scenario": "harsh",
  "candidate_trades": 72,
  "baseline_trades": 98,
  "matched_trades": 66,
  "candidate_only_trades": 6,
  "baseline_only_trades": 32,
  "match_rate": 0.916667,
  "matched_delta_pnl_mean": -916.22254,
  "matched_delta_pnl_median": -135.523682,
  "matched_delta_return_mean": 0.191718,
  "matched_delta_return_median": 0.093975,
  "matched_win_rate_baseline": 0.5,
  "matched_win_rate_candidate": 0.606061,
  "matched_win_rate_delta": 0.106061,
  "matched_p_positive": 0.454545,
  "matched_block_bootstrap_ci_lower": -0.000166,
  "matched_block_bootstrap_ci_upper": -4.4e-05,
  "matched_block_bootstrap_p_positive": 0.0002,
  "trade_level_bootstrap": {
    "mean_diff": -0.00010151239007459342,
    "ci95_low": -0.00016573421949747243,
    "ci95_high": -4.3572140317568114e-05,
    "p_gt_0": 0.0002,
    "n_obs": 15647,
    "block_len": 168,
    "n_resamples": 10000,
    "seed": 1505,
    "ci_crosses_zero": false,
    "small_improvement_threshold": 0.0002,
    "is_small_improvement": true,
    "all_blocks": [
      {
        "mean_diff": -0.00010151239007459342,
        "ci95_low": -0.00015789887819454964,
        "ci95_high": -4.54432449140482e-05,
        "p_gt_0": 0.0001,
        "n_obs": 15647,
        "block_len": 42,
        "n_resamples": 10000,
        "seed": 1379
      },
      {
        "mean_diff": -0.00010151239007459342,
        "ci95_low": -0.00016148790611514405,
        "ci95_high": -4.35598486345601e-05,
        "p_gt_0": 0.0002,
        "n_obs": 15647,
        "block_len": 84,
        "n_resamples": 10000,
        "seed": 1421
      },
      {
        "mean_diff": -0.00010151239007459342,
        "ci95_low": -0.00016573421949747243,
        "ci95_high": -4.3572140317568114e-05,
        "p_gt_0": 0.0002,
        "n_obs": 15647,
        "block_len": 168,
        "n_resamples": 10000,
        "seed": 1505
      }
    ],
    "n_timestamps": 15647
  }
}