{
  "mean_diff": -0.00015580662608808682,
  "ci95_low": -0.0002830757785594259,
  "ci95_high": -3.614982121260361e-05,
  "p_gt_0": 0.0037,
  "n_obs": 15647,
  "block_len": 168,
  "n_resamples": 10000,
  "seed": 1505
}