{
  "scenario": "harsh",
  "candidate_trades": 65,
  "baseline_trades": 192,
  "matched_trades": 14,
  "candidate_only_trades": 51,
  "baseline_only_trades": 178,
  "match_rate": 0.215385,
  "matched_delta_pnl_mean": -3653.056084,
  "matched_delta_pnl_median": -1214.191328,
  "matched_delta_return_mean": -0.851068,
  "matched_delta_return_median": -1.610448,
  "matched_win_rate_baseline": 0.571429,
  "matched_win_rate_candidate": 0.5,
  "matched_win_rate_delta": -0.071429,
  "matched_p_positive": 0.357143,
  "matched_block_bootstrap_ci_lower": -0.000283,
  "matched_block_bootstrap_ci_upper": -3.6e-05,
  "matched_block_bootstrap_p_positive": 0.0037,
  "candidate_fees_usd": 1609.167521,
  "baseline_fees_usd": 58985.535216,
  "delta_fees_usd": -57376.367695,
  "candidate_emergency_dd_share": 0.0,
  "baseline_emergency_dd_share": 0.0,
  "delta_emergency_dd_share_pp": 0.0,
  "candidate_buy_fills_per_episode": 9.5,
  "baseline_buy_fills_per_episode": 6.821429,
  "delta_buy_fills_per_episode": 2.678571,
  "candidate_dd_episode_count": 8,
  "baseline_dd_episode_count": 28,
  "trade_level_bootstrap": {
    "mean_diff": -0.00015580662608808682,
    "ci95_low": -0.0002830757785594259,
    "ci95_high": -3.614982121260361e-05,
    "p_gt_0": 0.0037,
    "n_obs": 15647,
    "block_len": 168,
    "n_resamples": 10000,
    "seed": 1505,
    "ci_crosses_zero": false,
    "small_improvement_threshold": 0.0002,
    "is_small_improvement": true,
    "all_blocks": [
      {
        "mean_diff": -0.00015580662608808682,
        "ci95_low": -0.00027315743258342237,
        "ci95_high": -4.2950576164110576e-05,
        "p_gt_0": 0.0034,
        "n_obs": 15647,
        "block_len": 42,
        "n_resamples": 10000,
        "seed": 1379
      },
      {
        "mean_diff": -0.00015580662608808682,
        "ci95_low": -0.00027651922858259537,
        "ci95_high": -3.5961662716760724e-05,
        "p_gt_0": 0.0032,
        "n_obs": 15647,
        "block_len": 84,
        "n_resamples": 10000,
        "seed": 1421
      },
      {
        "mean_diff": -0.00015580662608808682,
        "ci95_low": -0.0002830757785594259,
        "ci95_high": -3.614982121260361e-05,
        "p_gt_0": 0.0037,
        "n_obs": 15647,
        "block_len": 168,
        "n_resamples": 10000,
        "seed": 1505
      }
    ],
    "n_timestamps": 15647
  }
}