{
  "strategy": "E0",
  "n_trades": 192,
  "t1_n_trades": 192,
  "t1_n_wins": 80,
  "t1_n_losses": 112,
  "t1_win_rate_pct": 41.666666666666664,
  "t1_avg_win_pct": 9.98230105,
  "t1_avg_loss_pct": -3.0242946785714286,
  "t1_avg_wl_ratio": 3.300703837072944,
  "t1_profit_factor": 1.6140105035708479,
  "t1_expectancy_pct": 2.395120208333333,
  "t2_max_win_streak": 5,
  "t2_max_loss_streak": 9,
  "t2_avg_win_streak": 1.702127659574468,
  "t2_avg_loss_streak": 2.382978723404255,
  "t2_median_win_streak": 1.0,
  "t2_median_loss_streak": 2.0,
  "t2_n_win_streaks": 47,
  "t2_n_loss_streaks": 47,
  "t3_mean_days": 6.3602430468749995,
  "t3_median_days": 4.833333,
  "t3_min_days": 0.166667,
  "t3_max_days": 35.333333,
  "t3_std_days": 6.2043004633418315,
  "t3_p10_days": 1.0,
  "t3_p25_days": 2.166667,
  "t3_p75_days": 8.166667,
  "t3_p90_days": 13.666667,
  "t4_mfe_mean": 8.992403487607218,
  "t4_mfe_median": 4.063034681759653,
  "t4_mfe_p90": 20.807433629743326,
  "t4_mae_mean": 3.575234869404456,
  "t4_mae_median": 2.9944015603846412,
  "t4_mae_p90": 7.162744741062024,
  "t4_edge_ratio_mean": 10.406518718892826,
  "t4_edge_ratio_median": 1.3076576258741754,
  "t4_mfe_mae_corr": -0.22222130445347854,
  "t5_exit_trail_stop_n_trades": 161,
  "t5_exit_trail_stop_pct_of_total": 83.85416666666667,
  "t5_exit_trail_stop_win_rate_pct": 45.3416149068323,
  "t5_exit_trail_stop_avg_return_pct": 3.0942671242236024,
  "t5_exit_trail_stop_median_return_pct": -0.351217,
  "t5_exit_trail_stop_total_pnl_usd": 261709.95664500003,
  "t5_exit_trail_stop_avg_days_held": 7.319875763975156,
  "t5_exit_trend_exit_n_trades": 31,
  "t5_exit_trend_exit_pct_of_total": 16.145833333333332,
  "t5_exit_trend_exit_win_rate_pct": 22.580645161290324,
  "t5_exit_trend_exit_avg_return_pct": -1.2359331290322586,
  "t5_exit_trend_exit_median_return_pct": -1.130283,
  "t5_exit_trend_exit_total_pnl_usd": -43230.17025,
  "t5_exit_trend_exit_avg_days_held": 1.3763440967741938,
  "t6_top_1_pnl_usd": 49938.333592,
  "t6_top_1_pnl_pct_of_total": 22.857187118314968,
  "t6_bottom_1_pnl_usd": -12422.348422,
  "t6_top_1_abs_pct": 5.367056174349536,
  "t6_top_3_pnl_usd": 134716.159823,
  "t6_top_3_pnl_pct_of_total": 61.66069733308886,
  "t6_bottom_3_pnl_usd": -33511.178164,
  "t6_top_3_abs_pct": 14.47844061577815,
  "t6_top_5_pnl_usd": 197044.805775,
  "t6_top_5_pnl_pct_of_total": 90.18903259945215,
  "t6_bottom_5_pnl_usd": -51740.288067,
  "t6_top_5_abs_pct": 21.177129178928705,
  "t6_top_10_pnl_usd": 312851.596943,
  "t6_top_10_pnl_pct_of_total": 143.19475595668183,
  "t6_bottom_10_pnl_usd": -94741.41540299999,
  "t6_top_10_abs_pct": 33.62331047620354,
  "t6_herfindahl_index": 0.017423663037217707,
  "t6_effective_n_trades": 57.393212774142626,
  "t6_gini_coefficient": 0.6091448969069448,
  "t7_base_sharpe": 1.1378919953325355,
  "t7_base_cagr_pct": 61.82793979886236,
  "t7_base_total_pnl": 218479.786395,
  "t7_drop_top1_sharpe": 1.073417515059569,
  "t7_drop_top1_cagr_pct": 55.80279367334566,
  "t7_drop_top1_pnl": 168541.452803,
  "t7_drop_top1_sharpe_delta_pct": -5.666133564295311,
  "t7_drop_top1_cagr_delta_pct": -9.745021660300516,
  "t7_drop_top3_sharpe": 0.9428882983587172,
  "t7_drop_top3_cagr_pct": 41.10543870090153,
  "t7_drop_top3_pnl": 83763.62657199998,
  "t7_drop_top3_sharpe_delta_pct": -17.137276452747233,
  "t7_drop_top3_cagr_delta_pct": -33.5164023989396,
  "t7_drop_top5_sharpe": 0.7748958330988958,
  "t7_drop_top5_cagr_pct": 19.26832146848245,
  "t7_drop_top5_pnl": 21434.980619999995,
  "t7_drop_top5_sharpe_delta_pct": -31.900757165231518,
  "t7_drop_top5_cagr_delta_pct": -68.83557574267259,
  "t7_drop_top10_sharpe": 0.46162518318127604,
  "t7_drop_top10_cagr_pct": -100.0,
  "t7_drop_top10_pnl": -94371.81054799998,
  "t7_drop_top10_sharpe_delta_pct": -59.43154666042171,
  "t7_drop_top10_cagr_delta_pct": -261.7391754040622,
  "t7_drop_bot1_sharpe": 1.152240507646119,
  "t7_drop_bot1_cagr_pct": 63.151424119809874,
  "t7_drop_bot1_pnl": 230902.134817,
  "t7_drop_bot3_sharpe": 1.1896836671901638,
  "t7_drop_bot3_cagr_pct": 65.27147171521008,
  "t7_drop_bot3_pnl": 251990.964559,
  "t7_drop_bot5_sharpe": 1.2171227497144395,
  "t7_drop_bot5_cagr_pct": 66.99066393044615,
  "t7_drop_bot5_pnl": 270220.07446200005,
  "t7_drop_bot10_sharpe": 1.295490274550006,
  "t7_drop_bot10_cagr_pct": 70.69890874054987,
  "t7_drop_bot10_pnl": 313221.201798,
  "t8_skew": 3.65558231883946,
  "t8_excess_kurtosis": 18.73259061704748,
  "t8_jarque_bera_stat": 3075.8914732641806,
  "t8_jarque_bera_p": 0.0,
  "t8_dagostino_stat": 179.7521575596611,
  "t8_dagostino_p": 9.27502162411059e-40,
  "t8_p1": -8.973692020000001,
  "t8_p5": -5.96146735,
  "t8_p95": 26.090717749999985,
  "t8_p99": 46.223444220000005,
  "t8_range_p1_p99": 55.197136240000006,
  "t8_tail_ratio_95_5": 4.376559698846624,
  "t8_mean_return_pct": 2.395120208333333,
  "t8_std_return_pct": 11.439846805997451
}