{
  "mean_diff": 1.2653687541692249e-05,
  "ci95_low": -4.52781490002085e-06,
  "ci95_high": 2.9393952226709336e-05,
  "p_gt_0": 0.9241,
  "n_obs": 15647,
  "block_len": 168,
  "n_resamples": 10000,
  "seed": 1505
}