{
  "scenario": "harsh",
  "candidate_trades": 174,
  "baseline_trades": 192,
  "matched_trades": 159,
  "candidate_only_trades": 15,
  "baseline_only_trades": 33,
  "match_rate": 0.913793,
  "matched_delta_pnl_mean": 183.032392,
  "matched_delta_pnl_median": -13.741177,
  "matched_delta_return_mean": 0.024149,
  "matched_delta_return_median": 0.0,
  "matched_win_rate_baseline": 0.408805,
  "matched_win_rate_candidate": 0.408805,
  "matched_win_rate_delta": 0.0,
  "matched_p_positive": 0.45283,
  "matched_block_bootstrap_ci_lower": -5e-06,
  "matched_block_bootstrap_ci_upper": 2.9e-05,
  "matched_block_bootstrap_p_positive": 0.9241,
  "candidate_fees_usd": 62889.031087,
  "baseline_fees_usd": 58985.535216,
  "delta_fees_usd": 3903.495871,
  "candidate_emergency_dd_share": 0.0,
  "baseline_emergency_dd_share": 0.0,
  "delta_emergency_dd_share_pp": 0.0,
  "candidate_buy_fills_per_episode": 6.407407,
  "baseline_buy_fills_per_episode": 6.821429,
  "delta_buy_fills_per_episode": -0.414021,
  "candidate_dd_episode_count": 27,
  "baseline_dd_episode_count": 28,
  "trade_level_bootstrap": {
    "mean_diff": 1.2653687541692249e-05,
    "ci95_low": -4.52781490002085e-06,
    "ci95_high": 2.9393952226709336e-05,
    "p_gt_0": 0.9241,
    "n_obs": 15647,
    "block_len": 168,
    "n_resamples": 10000,
    "seed": 1505,
    "ci_crosses_zero": true,
    "small_improvement_threshold": 0.0002,
    "is_small_improvement": true,
    "all_blocks": [
      {
        "mean_diff": 1.2653687541692249e-05,
        "ci95_low": -6.504268101960979e-06,
        "ci95_high": 3.163629026941668e-05,
        "p_gt_0": 0.9081,
        "n_obs": 15647,
        "block_len": 42,
        "n_resamples": 10000,
        "seed": 1379
      },
      {
        "mean_diff": 1.2653687541692249e-05,
        "ci95_low": -6.234120923285346e-06,
        "ci95_high": 3.0922081050858163e-05,
        "p_gt_0": 0.9118,
        "n_obs": 15647,
        "block_len": 84,
        "n_resamples": 10000,
        "seed": 1421
      },
      {
        "mean_diff": 1.2653687541692249e-05,
        "ci95_low": -4.52781490002085e-06,
        "ci95_high": 2.9393952226709336e-05,
        "p_gt_0": 0.9241,
        "n_obs": 15647,
        "block_len": 168,
        "n_resamples": 10000,
        "seed": 1505
      }
    ],
    "n_timestamps": 15647
  }
}