{
  "strategy": "SM",
  "n_trades": 65,
  "t1_n_trades": 65,
  "t1_n_wins": 26,
  "t1_n_losses": 39,
  "t1_win_rate_pct": 40.0,
  "t1_avg_win_pct": 19.408397961538462,
  "t1_avg_loss_pct": -5.055418205128205,
  "t1_avg_wl_ratio": 3.8391280748743255,
  "t1_profit_factor": 2.6407613186759162,
  "t1_expectancy_pct": 4.7301082615384615,
  "t2_max_win_streak": 3,
  "t2_max_loss_streak": 8,
  "t2_avg_win_streak": 1.5294117647058822,
  "t2_avg_loss_streak": 2.2941176470588234,
  "t2_median_win_streak": 1.0,
  "t2_median_loss_streak": 2.0,
  "t2_n_win_streaks": 17,
  "t2_n_loss_streaks": 17,
  "t3_mean_days": 14.402564061538463,
  "t3_median_days": 9.833333,
  "t3_min_days": 1.833333,
  "t3_max_days": 86.5,
  "t3_std_days": 13.51817051004872,
  "t3_p10_days": 3.8000002,
  "t3_p25_days": 5.666667,
  "t3_p75_days": 17.333333,
  "t3_p90_days": 29.000000000000004,
  "t4_mfe_mean": 16.009958020112727,
  "t4_mfe_median": 6.92851289037604,
  "t4_mfe_p90": 40.299724635912085,
  "t4_mae_mean": 5.593354122967664,
  "t4_mae_median": 4.43043804428638,
  "t4_mae_p90": 11.963653546171575,
  "t4_edge_ratio_mean": 17.394151235688334,
  "t4_edge_ratio_median": 1.427165844785113,
  "t4_mfe_mae_corr": -0.2798836352930484,
  "t5_exit_floor_exit_n_trades": 65,
  "t5_exit_floor_exit_pct_of_total": 100.0,
  "t5_exit_floor_exit_win_rate_pct": 40.0,
  "t5_exit_floor_exit_avg_return_pct": 4.7301082615384615,
  "t5_exit_floor_exit_median_return_pct": -1.991546,
  "t5_exit_floor_exit_total_pnl_usd": 19640.668775,
  "t5_exit_floor_exit_avg_days_held": 14.402564061538463,
  "t6_top_1_pnl_usd": 3784.311155,
  "t6_top_1_pnl_pct_of_total": 19.26773063764984,
  "t6_bottom_1_pnl_usd": -754.613096,
  "t6_top_1_abs_pct": 8.683279226999726,
  "t6_top_3_pnl_usd": 10580.548055000001,
  "t6_top_3_pnl_pct_of_total": 53.870609887111655,
  "t6_bottom_3_pnl_usd": -1976.36308,
  "t6_top_3_abs_pct": 24.27756317417664,
  "t6_top_5_pnl_usd": 16093.905725,
  "t6_top_5_pnl_pct_of_total": 81.94173991409822,
  "t6_bottom_5_pnl_usd": -3003.523374,
  "t6_top_5_abs_pct": 36.928220629676126,
  "t6_top_10_pnl_usd": 24417.853117,
  "t6_top_10_pnl_pct_of_total": 124.32292095919225,
  "t6_bottom_10_pnl_usd": -5346.516787,
  "t6_top_10_abs_pct": 56.02790786868492,
  "t6_herfindahl_index": 0.04030769166159159,
  "t6_effective_n_trades": 24.809160703014918,
  "t6_gini_coefficient": 0.5390167473059675,
  "t7_base_sharpe": 0.8208770174512169,
  "t7_base_cagr_pct": 18.194741072452047,
  "t7_base_total_pnl": 19640.668775,
  "t7_drop_top1_sharpe": 0.7266745524019075,
  "t7_drop_top1_cagr_pct": 15.73691431379629,
  "t7_drop_top1_pnl": 15856.35762,
  "t7_drop_top1_sharpe_delta_pct": -11.475831707629416,
  "t7_drop_top1_cagr_delta_pct": -13.508445923295149,
  "t7_drop_top3_sharpe": 0.5104082662114087,
  "t7_drop_top3_cagr_pct": 10.432334573216217,
  "t7_drop_top3_pnl": 9060.120719999997,
  "t7_drop_top3_sharpe_delta_pct": -37.82159137598937,
  "t7_drop_top3_cagr_delta_pct": -42.662912697277065,
  "t7_drop_top5_sharpe": 0.1375652488808164,
  "t7_drop_top5_cagr_pct": 4.780964053721215,
  "t7_drop_top5_pnl": 3546.7630499999996,
  "t7_drop_top5_sharpe_delta_pct": -83.24167372745436,
  "t7_drop_top5_cagr_delta_pct": -73.72337405251737,
  "t7_drop_top10_sharpe": -0.511623087850659,
  "t7_drop_top10_cagr_pct": -9.509971981162668,
  "t7_drop_top10_pnl": -4777.1843420000005,
  "t7_drop_top10_sharpe_delta_pct": -162.3263993233997,
  "t7_drop_top10_cagr_delta_pct": -152.26769616172965,
  "t7_drop_bot1_sharpe": 0.8542143300697387,
  "t7_drop_bot1_cagr_pct": 18.652767716072006,
  "t7_drop_bot1_pnl": 20395.281871,
  "t7_drop_bot3_sharpe": 0.9105174046971242,
  "t7_drop_bot3_cagr_pct": 19.374327495848043,
  "t7_drop_bot3_pnl": 21617.031855,
  "t7_drop_bot5_sharpe": 0.9760800441318831,
  "t7_drop_bot5_cagr_pct": 19.962930261603805,
  "t7_drop_bot5_pnl": 22644.192149,
  "t7_drop_bot10_sharpe": 1.055679949007072,
  "t7_drop_bot10_cagr_pct": 21.24904007245263,
  "t7_drop_bot10_pnl": 24987.185562,
  "t8_skew": 2.4642412693512985,
  "t8_excess_kurtosis": 7.121728004526748,
  "t8_jarque_bera_stat": 177.00418826172876,
  "t8_jarque_bera_p": 3.66461944822841e-39,
  "t8_dagostino_stat": 50.431263826788225,
  "t8_dagostino_p": 1.1194126292151027e-11,
  "t8_p1": -15.82376744,
  "t8_p5": -10.218761,
  "t8_p95": 43.79077119999996,
  "t8_p99": 70.93482311999999,
  "t8_range_p1_p99": 86.75859055999999,
  "t8_tail_ratio_95_5": 4.285330794995593,
  "t8_mean_return_pct": 4.7301082615384615,
  "t8_std_return_pct": 18.221871690456833
}