metric_name,observed_a,observed_b,observed_delta,mean_delta,std_delta,ci_lower,ci_upper,p_a_better,n_bootstrap,block_size,scenario
sharpe,1.5876957948594563,1.5204520063792804,0.06724378848017598,0.06695829154949576,0.05597725905327117,-0.03892802535835469,0.1780622510814653,0.8905,2000,10,smart
sharpe,1.5876957948594563,1.5204520063792804,0.06724378848017598,0.06722415410780834,0.0550573066288611,-0.039247705158335686,0.17887598737996233,0.891,2000,20,smart
sharpe,1.5876957948594563,1.5204520063792804,0.06724378848017598,0.06776703412840163,0.05247262395993575,-0.03606014219309318,0.16922378749055803,0.9025,2000,40,smart
sharpe,1.4738975319083287,1.3964268824597723,0.07747064944855642,0.07719196488048488,0.05691925260680585,-0.0309535038543099,0.19036986505837863,0.9195,2000,10,base
sharpe,1.4738975319083287,1.3964268824597723,0.07747064944855642,0.07748895932867174,0.05606862807653814,-0.030194625786433286,0.18957895927480667,0.918,2000,20,base
sharpe,1.4738975319083287,1.3964268824597723,0.07747064944855642,0.078086150156581,0.053541136092038075,-0.028253342891657023,0.18048737601942125,0.927,2000,40,base
sharpe,1.3535596363997002,1.265330179633677,0.08822945676602312,0.08795789352346935,0.058011899679560545,-0.022014198803869768,0.20453011117017242,0.9405,2000,10,harsh
sharpe,1.3535596363997002,1.265330179633677,0.08822945676602312,0.08828670705893966,0.057227496595490264,-0.021362891076049197,0.2033059683991925,0.9395,2000,20,harsh
sharpe,1.3535596363997002,1.265330179633677,0.08822945676602312,0.08894088720329034,0.05475892040210977,-0.01917488630934051,0.19451007564639064,0.9505,2000,40,harsh
