scenario,model,total_score,return_term,mdd_penalty,sharpe_term,profit_factor_term,trade_count_term,reject_term,residual
smart,candidate,178.1771,178.5,-22.374,12.7016,4.349499999999999,5.0,0.0,0.0
base,candidate,157.3917,160.125,-23.178,11.7912,3.6534999999999993,5.0,0.0,0.0
harsh,candidate,136.38979999999998,141.54999999999998,-24.005999999999997,10.8288,3.0169999999999995,5.0,0.0,0.0
smart,baseline,167.7425,169.875,-23.105999999999998,12.164,3.8095,5.0,0.0,0.0
base,baseline,145.30870000000002,150.025,-24.023999999999997,11.1712,3.1365,5.0,0.0,0.0
harsh,baseline,122.7849,130.1,-24.965999999999998,10.1224,2.5285,5.0,0.0,0.0
