scenario,model,total_score,return_term,mdd_penalty,sharpe_term,profit_factor_term,trade_count_term,reject_term,residual
smart,candidate,119.6862,108.77499999999999,-8.754,11.7712,4.594,3.3000000000000003,0.0,0.0
base,candidate,102.2431,94.14999999999999,-9.552,10.5256,3.8195,3.3000000000000003,0.0,0.0
harsh,candidate,83.7317,79.325,-11.202,9.2112,3.0974999999999997,3.3000000000000003,0.0,0.0
smart,baseline,120.2939,109.55,-9.209999999999999,11.7024,4.6514999999999995,3.5999999999999996,0.0,0.0
base,baseline,101.07600000000001,93.575,-10.26,10.364,3.7970000000000006,3.5999999999999996,0.0,0.0
harsh,baseline,81.55919999999999,77.475,-11.478,8.9512,3.011,3.5999999999999996,0.0,0.0
