metric_name,observed_a,observed_b,observed_delta,mean_delta,std_delta,ci_lower,ci_upper,p_a_better,n_bootstrap,block_size,scenario
sharpe,1.2908412759650911,1.5204520063792804,-0.22961073041418922,-0.23229659729595806,0.2355444362744301,-0.7075708845724441,0.2353418609019586,0.161,2000,10,smart
sharpe,1.2908412759650911,1.5204520063792804,-0.22961073041418922,-0.2273184494374998,0.23172281014434468,-0.6946808919937613,0.21729909820086662,0.166,2000,20,smart
sharpe,1.2908412759650911,1.5204520063792804,-0.22961073041418922,-0.22883173444384622,0.24356114708502632,-0.7237119963467684,0.23099174079874316,0.1685,2000,40,smart
sharpe,1.190807220836931,1.3964268824597723,-0.2056196616228414,-0.2083283111497108,0.23693310608901066,-0.6851943233654703,0.2615198713080274,0.187,2000,10,base
sharpe,1.190807220836931,1.3964268824597723,-0.2056196616228414,-0.20345346654738033,0.2331824132418765,-0.6716437239207307,0.24326349425604746,0.1945,2000,20,base
sharpe,1.190807220836931,1.3964268824597723,-0.2056196616228414,-0.20492699997974786,0.2458622455620392,-0.7023906008484143,0.26101486308621696,0.2025,2000,40,base
sharpe,1.085030632987307,1.265330179633677,-0.18029954664637016,-0.18303134546226763,0.2384212900834444,-0.6575939935048053,0.2889301532027444,0.2175,2000,10,harsh
sharpe,1.085030632987307,1.265330179633677,-0.18029954664637016,-0.17826675610733225,0.2347427545682961,-0.6495996728713737,0.2690169684363962,0.223,2000,20,harsh
sharpe,1.085030632987307,1.265330179633677,-0.18029954664637016,-0.17969757451893925,0.24829691853784613,-0.6880956829335688,0.29533867245130263,0.245,2000,40,harsh
