{
  "mean_diff": -6.848691925535641e-05,
  "ci95_low": -0.00016151662574944619,
  "ci95_high": 1.6928397466568747e-05,
  "p_gt_0": 0.0603,
  "n_obs": 15647,
  "block_len": 168,
  "n_resamples": 10000,
  "seed": 1505
}