{
  "n_rows": 9,
  "bootstrap": 2000,
  "seed": 1337,
  "gate": {
    "scenario": "harsh",
    "block_size": 10,
    "p_candidate_better": 0.2175,
    "ci_lower": -0.6575939935048053,
    "ci_upper": 0.2889301532027444,
    "observed_delta": -0.18029954664637016
  }
}