scenario,model,total_score,return_term,mdd_penalty,sharpe_term,profit_factor_term,trade_count_term,reject_term,residual
smart,candidate,90.62620000000001,79.22500000000001,-7.752,10.5712,5.982000000000001,2.6,0.0,0.0
base,candidate,77.24740000000001,68.60000000000001,-8.634,9.4144,5.2669999999999995,2.6,0.0,0.0
harsh,candidate,63.2077,57.775,-9.839999999999998,8.1912,4.4815000000000005,2.6,0.0,0.0
smart,baseline,101.1604,92.125,-9.209999999999999,10.3944,4.351000000000001,3.5,0.0,0.0
base,baseline,83.5206,77.375,-10.26,9.0736,3.832,3.5,0.0,0.0
harsh,baseline,65.4203,62.474999999999994,-11.478,7.6808,3.2425000000000006,3.5,0.0,0.0
