scenario,model,total_score,return_term,mdd_penalty,sharpe_term,profit_factor_term,trade_count_term,reject_term,residual
smart,candidate,108.33390000000001,108.4,-20.087999999999997,10.3264,4.6955,5.0,0.0,0.0
base,candidate,93.9599,97.2,-21.978,9.5264,4.2115,5.0,0.0,0.0
harsh,candidate,79.234,85.75,-23.88,8.68,3.6839999999999993,5.0,0.0,0.0
smart,baseline,167.899,169.875,-23.105999999999998,12.164,3.9659999999999993,5.0,0.0,0.0
base,baseline,145.7092,150.025,-24.023999999999997,11.1712,3.537,5.0,0.0,0.0
harsh,baseline,123.3249,130.1,-24.965999999999998,10.1224,3.0684999999999993,5.0,0.0,0.0
