{
  "scenario": "harsh",
  "candidate_trades": 126,
  "baseline_trades": 192,
  "matched_trades": 96,
  "candidate_only_trades": 30,
  "baseline_only_trades": 96,
  "match_rate": 0.761905,
  "matched_delta_pnl_mean": -364.296607,
  "matched_delta_pnl_median": 32.237232,
  "matched_delta_return_mean": 0.02812,
  "matched_delta_return_median": 0.0,
  "matched_win_rate_baseline": 0.416667,
  "matched_win_rate_candidate": 0.416667,
  "matched_win_rate_delta": 0.0,
  "matched_p_positive": 0.552083,
  "matched_block_bootstrap_ci_lower": -0.000162,
  "matched_block_bootstrap_ci_upper": 1.7e-05,
  "matched_block_bootstrap_p_positive": 0.0603,
  "candidate_fees_usd": 18713.887146,
  "baseline_fees_usd": 58985.535216,
  "delta_fees_usd": -40271.64807,
  "candidate_emergency_dd_share": 0.0,
  "baseline_emergency_dd_share": 0.0,
  "delta_emergency_dd_share_pp": 0.0,
  "candidate_buy_fills_per_episode": 7.75,
  "baseline_buy_fills_per_episode": 6.821429,
  "delta_buy_fills_per_episode": 0.928571,
  "candidate_dd_episode_count": 16,
  "baseline_dd_episode_count": 28,
  "trade_level_bootstrap": {
    "mean_diff": -6.848691925535641e-05,
    "ci95_low": -0.00016151662574944619,
    "ci95_high": 1.6928397466568747e-05,
    "p_gt_0": 0.0603,
    "n_obs": 15647,
    "block_len": 168,
    "n_resamples": 10000,
    "seed": 1505,
    "ci_crosses_zero": true,
    "small_improvement_threshold": 0.0002,
    "is_small_improvement": true,
    "all_blocks": [
      {
        "mean_diff": -6.848691925535641e-05,
        "ci95_low": -0.00015635320783946994,
        "ci95_high": 1.5884104994155035e-05,
        "p_gt_0": 0.0559,
        "n_obs": 15647,
        "block_len": 42,
        "n_resamples": 10000,
        "seed": 1379
      },
      {
        "mean_diff": -6.848691925535641e-05,
        "ci95_low": -0.00015896177573756674,
        "ci95_high": 1.7780291967135357e-05,
        "p_gt_0": 0.0633,
        "n_obs": 15647,
        "block_len": 84,
        "n_resamples": 10000,
        "seed": 1421
      },
      {
        "mean_diff": -6.848691925535641e-05,
        "ci95_low": -0.00016151662574944619,
        "ci95_high": 1.6928397466568747e-05,
        "p_gt_0": 0.0603,
        "n_obs": 15647,
        "block_len": 168,
        "n_resamples": 10000,
        "seed": 1505
      }
    ],
    "n_timestamps": 15647
  }
}