{
  "n_bootstrap": 2000,
  "n_returns": 18661,
  "block_sizes": [
    10,
    20,
    40
  ],
  "sharpe": {
    "observed": 1.1461451882644456,
    "mean": 1.1383734119548734,
    "median": 1.1407939403847331,
    "std": 0.3452017118480729,
    "ci_2_5": 0.45819509021611093,
    "ci_97_5": 1.8103830458717969,
    "p_positive": 0.9994994994994995
  },
  "cagr_pct": {
    "observed": 48.30269748378886,
    "mean": 49.37642895429377,
    "median": 47.49455926457324,
    "std": 22.044670131773483,
    "ci_2_5": 10.973923150764143,
    "ci_97_5": 96.26725229605738,
    "p_positive": 0.9974974974974975
  },
  "max_drawdown_pct": {
    "observed": 65.23846411230761,
    "mean": 53.03756819524701,
    "median": 51.875470941259096,
    "std": 10.2784964853532,
    "ci_2_5": 35.812314075613386,
    "ci_97_5": 74.82734152220704
  }
}