sharpe,cagr,mdd,bar_count,end_equity,trades,closed_trades,exposure,period,combo
0.9723953930335951,0.3634379815297184,-0.3762992168797681,6287,2.4352900882351607,96,96,0.36981072053443614,pre_2021,combo1
1.1479406589999952,0.4582975352917458,-0.3074160223492387,6287,2.95404759032661,99,99,0.39398759344679496,pre_2021,combo2
1.7870908603008673,0.9916344607320984,-0.36617842395906486,6287,7.228673980844929,70,70,0.4335931286782249,pre_2021,combo3
1.951253662461809,1.195202897459418,-0.3886155944906673,6287,9.558846302520694,75,75,0.47224431366311437,pre_2021,combo4
1.795166960553312,0.5666377543759644,-0.28470414495189844,10224,8.118906672959234,122,122,0.30565336463223786,post_2021,combo1
1.6827661644750693,0.5171473533944397,-0.2645228428616556,10224,6.989817120562,127,127,0.32942097026604067,post_2021,combo2
1.3310815933460922,0.4088115438530777,-0.28561783607987146,10224,4.94737901679217,104,104,0.37490219092331767,post_2021,combo3
1.1220200524557866,0.34670884599989704,-0.37093930671517217,10224,4.009049068746076,118,118,0.4096244131455399,post_2021,combo4
