{
  "n_rows": 9,
  "bootstrap": 2000,
  "seed": 1337,
  "gate": {
    "scenario": "harsh",
    "block_size": 10,
    "p_candidate_better": 0.453,
    "ci_lower": -0.10309875270380872,
    "ci_upper": 0.08160784271958796,
    "observed_delta": -0.007546238720638199
  }
}