metric_name,observed_a,observed_b,observed_delta,mean_delta,std_delta,ci_lower,ci_upper,p_a_better,n_bootstrap,block_size,scenario
sharpe,1.488928207393546,1.5204520063792804,-0.03152379898573443,-0.030208703063780158,0.04511668783115124,-0.12131581622975474,0.053209838278441134,0.254,2000,10,smart
sharpe,1.488928207393546,1.5204520063792804,-0.03152379898573443,-0.0305922105055306,0.043798933034667586,-0.1216798760464612,0.05452789251374662,0.241,2000,20,smart
sharpe,1.488928207393546,1.5204520063792804,-0.03152379898573443,-0.03139948496676476,0.043670377219892004,-0.11934784454495405,0.052694860376821716,0.223,2000,40,smart
sharpe,1.3765665113515118,1.3964268824597723,-0.019860371108260555,-0.01856511550787132,0.046188951985231465,-0.11290294678070785,0.06745704943902449,0.351,2000,10,base
sharpe,1.3765665113515118,1.3964268824597723,-0.019860371108260555,-0.018902685854739674,0.044861940117779664,-0.11203908865308007,0.06842897136097488,0.3395,2000,20,base
sharpe,1.3765665113515118,1.3964268824597723,-0.019860371108260555,-0.019662123560470292,0.044757873723840054,-0.1099430889040786,0.06717637313759535,0.3305,2000,40,base
sharpe,1.257783940913039,1.265330179633677,-0.007546238720638199,-0.006272362313481469,0.04744068045903557,-0.10309875270380872,0.08160784271958796,0.453,2000,10,harsh
sharpe,1.257783940913039,1.265330179633677,-0.007546238720638199,-0.0065618411363540146,0.04610455907412071,-0.10254820103550523,0.08391210402349507,0.4525,2000,20,harsh
sharpe,1.257783940913039,1.265330179633677,-0.007546238720638199,-0.007271112711104846,0.0460301897839288,-0.10030156998167251,0.08241771907631508,0.45,2000,40,harsh
