{
  "mean_diff": -3.936086624352722e-06,
  "ci95_low": -2.035855396222138e-05,
  "ci95_high": 1.1028984286917242e-05,
  "p_gt_0": 0.3086,
  "n_obs": 15647,
  "block_len": 168,
  "n_resamples": 10000,
  "seed": 1505
}