scenario,model,total_score,return_term,mdd_penalty,sharpe_term,profit_factor_term,trade_count_term,reject_term,residual
smart,candidate,159.9597,162.7,-23.682,11.9112,4.0305,5.0,0.0,0.0
base,candidate,140.3633,145.175,-24.462,11.0128,3.6375,5.0,0.0,0.0
harsh,candidate,120.5004,127.5,-25.26,10.0624,3.1979999999999995,5.0,0.0,0.0
smart,baseline,167.899,169.875,-23.105999999999998,12.164,3.9659999999999993,5.0,0.0,0.0
base,baseline,145.7092,150.025,-24.023999999999997,11.1712,3.537,5.0,0.0,0.0
harsh,baseline,123.3249,130.1,-24.965999999999998,10.1224,3.0684999999999993,5.0,0.0,0.0
