scenario,model,total_score,return_term,mdd_penalty,sharpe_term,profit_factor_term,trade_count_term,reject_term,residual
smart,candidate,125.10190000000001,113.35000000000001,-8.754,12.3064,4.9995,3.2,0.0,0.0
base,candidate,108.3436,99.0,-9.468,11.0816,4.529999999999999,3.2,0.0,0.0
harsh,candidate,90.299,84.45,-11.123999999999999,9.788,3.9849999999999994,3.2,0.0,0.0
smart,baseline,101.1604,92.125,-9.209999999999999,10.3944,4.351000000000001,3.5,0.0,0.0
base,baseline,83.5206,77.375,-10.26,9.0736,3.832,3.5,0.0,0.0
harsh,baseline,65.4203,62.474999999999994,-11.478,7.6808,3.2425000000000006,3.5,0.0,0.0
