{
  "scenario": "harsh",
  "candidate_trades": 172,
  "baseline_trades": 192,
  "matched_trades": 160,
  "candidate_only_trades": 12,
  "baseline_only_trades": 32,
  "match_rate": 0.930233,
  "matched_delta_pnl_mean": -93.971855,
  "matched_delta_pnl_median": 26.564968,
  "matched_delta_return_mean": -0.019605,
  "matched_delta_return_median": 0.0,
  "matched_win_rate_baseline": 0.4125,
  "matched_win_rate_candidate": 0.40625,
  "matched_win_rate_delta": -0.00625,
  "matched_p_positive": 0.575,
  "matched_block_bootstrap_ci_lower": -2e-05,
  "matched_block_bootstrap_ci_upper": 1.1e-05,
  "matched_block_bootstrap_p_positive": 0.3086,
  "candidate_fees_usd": 49742.16542,
  "baseline_fees_usd": 58985.535216,
  "delta_fees_usd": -9243.369796,
  "candidate_emergency_dd_share": 0.0,
  "baseline_emergency_dd_share": 0.0,
  "delta_emergency_dd_share_pp": 0.0,
  "candidate_buy_fills_per_episode": 6.333333,
  "baseline_buy_fills_per_episode": 6.821429,
  "delta_buy_fills_per_episode": -0.488095,
  "candidate_dd_episode_count": 27,
  "baseline_dd_episode_count": 28,
  "trade_level_bootstrap": {
    "mean_diff": -3.936086624352722e-06,
    "ci95_low": -2.035855396222138e-05,
    "ci95_high": 1.1028984286917242e-05,
    "p_gt_0": 0.3086,
    "n_obs": 15647,
    "block_len": 168,
    "n_resamples": 10000,
    "seed": 1505,
    "ci_crosses_zero": true,
    "small_improvement_threshold": 0.0002,
    "is_small_improvement": true,
    "all_blocks": [
      {
        "mean_diff": -3.936086624352722e-06,
        "ci95_low": -2.0652390679254035e-05,
        "ci95_high": 1.182865167267709e-05,
        "p_gt_0": 0.3155,
        "n_obs": 15647,
        "block_len": 42,
        "n_resamples": 10000,
        "seed": 1379
      },
      {
        "mean_diff": -3.936086624352722e-06,
        "ci95_low": -2.057843724286184e-05,
        "ci95_high": 1.1636486290852345e-05,
        "p_gt_0": 0.3148,
        "n_obs": 15647,
        "block_len": 84,
        "n_resamples": 10000,
        "seed": 1421
      },
      {
        "mean_diff": -3.936086624352722e-06,
        "ci95_low": -2.035855396222138e-05,
        "ci95_high": 1.1028984286917242e-05,
        "p_gt_0": 0.3086,
        "n_obs": 15647,
        "block_len": 168,
        "n_resamples": 10000,
        "seed": 1505
      }
    ],
    "n_timestamps": 15647
  }
}