horizon,shift_bars,spearman_rho,p_value,n
t+1,1,-0.025758,0.0004393670303572063,18621
t+6,6,-0.028927,7.884353244757651e-05,18621
t+24,24,-0.003889,0.5956496385141831,18621
