metric,group1,group2,n1,n2,U,p_value,rank_biserial,median_g1,median_g2
volume,up_strong,down_strong,1078,1051,546015.0,0.14881849895340424,0.0361,12504.00469,13271.32166
volume,up_strong,sideway,1078,16532,12648777.0,3.372995664983819e-118,-0.4195,12504.00469,5534.460535
volume,down_strong,sideway,1051,16532,12734554.0,6.4694717468231364e-142,-0.4658,13271.32166,5534.460535
taker_buy_ratio,up_strong,down_strong,1078,1051,1023763.0,4.097280123935235e-228,-0.8072,0.523161,0.466754
taker_buy_ratio,up_strong,sideway,1078,16515,12817380.0,9.058261490043096e-130,-0.4399,0.523161,0.496316
taker_buy_ratio,down_strong,sideway,1051,16515,4367532.0,4.35652809853974e-161,0.4967,0.466754,0.496316
