{
  "n_rows": 9,
  "bootstrap": 2000,
  "seed": 1337,
  "gate": {
    "scenario": "harsh",
    "block_size": 10,
    "p_candidate_better": 0.9475,
    "ci_lower": -0.02888627159385764,
    "ci_upper": 0.3076217703701755,
    "observed_delta": 0.13993088570741574
  }
}