metric_name,observed_a,observed_b,observed_delta,mean_delta,std_delta,ci_lower,ci_upper,p_a_better,n_bootstrap,block_size,scenario
sharpe,1.8319713905823811,1.7121673360728413,0.11980405450953979,0.11675123374382247,0.08293069468943645,-0.044198026981630986,0.2805722883025659,0.922,2000,10,smart
sharpe,1.8319713905823811,1.7121673360728413,0.11980405450953979,0.11740389290083636,0.07872037742809183,-0.03276196907994033,0.27825034552564637,0.934,2000,20,smart
sharpe,1.8319713905823811,1.7121673360728413,0.11980405450953979,0.11866494489940001,0.07340940406815484,-0.025398498205453583,0.2646149889796853,0.947,2000,40,smart
sharpe,1.7165923284763636,1.58695759668516,0.12963473179120366,0.12645605941825322,0.08392991098008849,-0.03559865531406606,0.2936011118926566,0.936,2000,10,base
sharpe,1.7165923284763636,1.58695759668516,0.12963473179120366,0.12716885307019662,0.07987485954488836,-0.0251656635086704,0.292331792954908,0.943,2000,20,base
sharpe,1.7165923284763636,1.58695759668516,0.12963473179120366,0.128496180797975,0.07475549888743571,-0.019098444456615418,0.2781750551739861,0.958,2000,40,base
sharpe,1.5944253145282234,1.4544944288208077,0.13993088570741574,0.13662072725401078,0.08506651380781621,-0.02888627159385764,0.3076217703701755,0.9475,2000,10,harsh
sharpe,1.5944253145282234,1.4544944288208077,0.13993088570741574,0.13739653991593634,0.08114309583723948,-0.016575075149911193,0.30468926620485387,0.9555,2000,20,harsh
sharpe,1.5944253145282234,1.4544944288208077,0.13993088570741574,0.13879194562943775,0.07621354257908378,-0.014400201658402126,0.29048906819739123,0.966,2000,40,harsh
