{
  "mean_diff": 1.6828717240864115e-05,
  "ci95_low": -7.590719252763091e-06,
  "ci95_high": 4.2162758301832155e-05,
  "p_gt_0": 0.9093,
  "n_obs": 15647,
  "block_len": 168,
  "n_resamples": 10000,
  "seed": 1505
}