scenario,model,total_score,return_term,mdd_penalty,sharpe_term,profit_factor_term,trade_count_term,reject_term,residual
smart,candidate,144.3295,126.6,-7.194,14.068,7.6555,3.2,0.0,0.0
base,candidate,126.031,111.7,-8.04,12.768,6.4030000000000005,3.2,0.0,0.0
harsh,candidate,107.53559999999999,96.6,-8.921999999999999,11.3936,5.263999999999999,3.2,0.0,0.0
smart,baseline,126.82910000000001,113.275,-7.763999999999999,12.1616,5.4565,3.7,0.0,0.0
base,baseline,107.0887,96.7,-8.514,10.7672,4.4355,3.7,0.0,0.0
harsh,baseline,87.14189999999999,80.02499999999999,-9.372,9.2944,3.4945000000000004,3.7,0.0,0.0
