{
  "scenario": "harsh",
  "candidate_trades": 169,
  "baseline_trades": 188,
  "matched_trades": 126,
  "candidate_only_trades": 43,
  "baseline_only_trades": 62,
  "match_rate": 0.745562,
  "matched_delta_pnl_mean": 267.117181,
  "matched_delta_pnl_median": 1.833302,
  "matched_delta_return_mean": 4.2e-05,
  "matched_delta_return_median": 0.0,
  "matched_win_rate_baseline": 0.492063,
  "matched_win_rate_candidate": 0.492063,
  "matched_win_rate_delta": 0.0,
  "matched_p_positive": 0.515873,
  "matched_block_bootstrap_ci_lower": -8e-06,
  "matched_block_bootstrap_ci_upper": 4.2e-05,
  "matched_block_bootstrap_p_positive": 0.9093,
  "candidate_fees_usd": 82184.242447,
  "baseline_fees_usd": 80147.186352,
  "delta_fees_usd": 2037.056095,
  "candidate_emergency_dd_share": 0.0,
  "baseline_emergency_dd_share": 0.0,
  "delta_emergency_dd_share_pp": 0.0,
  "candidate_buy_fills_per_episode": 4.342105,
  "baseline_buy_fills_per_episode": 6.37931,
  "delta_buy_fills_per_episode": -2.037205,
  "candidate_dd_episode_count": 38,
  "baseline_dd_episode_count": 29,
  "trade_level_bootstrap": {
    "mean_diff": 1.6828717240864115e-05,
    "ci95_low": -7.590719252763091e-06,
    "ci95_high": 4.2162758301832155e-05,
    "p_gt_0": 0.9093,
    "n_obs": 15647,
    "block_len": 168,
    "n_resamples": 10000,
    "seed": 1505,
    "ci_crosses_zero": true,
    "small_improvement_threshold": 0.0002,
    "is_small_improvement": true,
    "all_blocks": [
      {
        "mean_diff": 1.6828717240864115e-05,
        "ci95_low": -7.850178398173358e-06,
        "ci95_high": 4.257771829583672e-05,
        "p_gt_0": 0.9016,
        "n_obs": 15647,
        "block_len": 42,
        "n_resamples": 10000,
        "seed": 1379
      },
      {
        "mean_diff": 1.6828717240864115e-05,
        "ci95_low": -7.373705715353694e-06,
        "ci95_high": 4.3158620199961546e-05,
        "p_gt_0": 0.906,
        "n_obs": 15647,
        "block_len": 84,
        "n_resamples": 10000,
        "seed": 1421
      },
      {
        "mean_diff": 1.6828717240864115e-05,
        "ci95_low": -7.590719252763091e-06,
        "ci95_high": 4.2162758301832155e-05,
        "p_gt_0": 0.9093,
        "n_obs": 15647,
        "block_len": 168,
        "n_resamples": 10000,
        "seed": 1505
      }
    ],
    "n_timestamps": 15647
  }
}