metric,mean,median,ci_lo_95,ci_hi_95,sign_probability,n_boot,ci_excludes_zero,target_mdd,saturation_a_pct,saturation_b_pct,hypothesis,block_length,comparison
cagr_diff_matched_mdd,0.01321963335454675,0.011330362103337155,-0.022638937855784757,0.05674807989710418,0.7648,5000,False,0.05,0.0,0.0,H2,42,LATCH_5pct - E0_5pct
cagr_diff_matched_mdd,0.012240930583640175,0.010450208134919703,-0.022538908615848785,0.055524329234049125,0.7656,5000,False,0.05,0.0,0.0,H2,126,LATCH_5pct - E0_5pct
cagr_diff_matched_mdd,0.012406043874206466,0.010418519250877112,-0.021688113533545744,0.05630026508209258,0.7534,5000,False,0.05,0.0,0.0,H2,252,LATCH_5pct - E0_5pct
cagr_diff_matched_mdd,0.022942492027332378,0.021683952080264468,-0.04893238150594557,0.0962894755217435,0.7488,5000,False,0.1,0.0,21.58,H3,42,LATCH_10pct - E0_10pct
cagr_diff_matched_mdd,0.02249835765036945,0.020594582710609433,-0.0480739824837032,0.09729934152653034,0.7602,5000,False,0.1,0.0,16.7,H3,126,LATCH_10pct - E0_10pct
cagr_diff_matched_mdd,0.02294230381688254,0.021048985123112263,-0.045836719750512185,0.09922197785538772,0.7514,5000,False,0.1,0.0,16.2,H3,252,LATCH_10pct - E0_10pct
