hypothesis,block_length,ci_excludes_zero,sign_prob,mean
H2,42,False,0.1702,-0.10531946201843757
H2,126,False,0.1166,-0.10535777398748239
H2,252,False,0.0936,-0.1070607490179983
H6,42,False,0.8298,0.10531946201843757
H6,126,False,0.8834,0.10535777398748239
H6,252,False,0.9064,0.1070607490179983
H7,42,False,0.548,0.0037699248262973435
H7,126,False,0.5488,0.0032949758906106992
H7,252,False,0.5288,0.002931359861718016
