metric,mean,median,ci_lo_95,ci_hi_95,sign_probability,n_boot,ci_excludes_zero,hypothesis,block_length,comparison,target_mdd,saturation_a_pct,saturation_b_pct
sharpe_diff,0.0028345018002545737,0.0021618587432805647,-0.051154161434027616,0.05974112866865251,0.534,5000,False,H4,42,LATCH_native - SM_native,,,
sharpe_diff,0.0030931634772686073,0.0029178290710476507,-0.04792287018225156,0.05517749934004278,0.5468,5000,False,H4,126,LATCH_native - SM_native,,,
sharpe_diff,0.003169791127938786,0.0024362284309217275,-0.04331478588775579,0.055653168275076874,0.5438,5000,False,H4,252,LATCH_native - SM_native,,,
cagr_diff_matched_mdd,0.0009902012640328622,0.0007924659128527578,-0.00411328223761983,0.007087013979977107,0.6788,5000,False,H4_secondary,126,LATCH_5pct - SM_5pct,0.05,0.0,0.0
cagr_diff_matched_mdd,-0.0010895661452685382,0.0009222926457691516,-0.034190935660334966,0.011473617070106133,0.5956,5000,False,H4_secondary,126,LATCH_10pct - SM_10pct,0.1,1.9800000000000002,16.7
