metric,mean,median,ci_lo_95,ci_hi_95,sign_probability,n_boot,ci_excludes_zero,hypothesis,block_length,comparison
sharpe_diff,-0.10531946201843757,-0.10227795951283603,-0.3234702518375283,0.11714189906916482,0.1702,5000,False,H2,42,E0_EV12 > E5_EV12
sharpe_diff,-0.10535777398748239,-0.10447278514256542,-0.2830912154727946,0.07461090745139942,0.1166,5000,False,H2,126,E0_EV12 > E5_EV12
sharpe_diff,-0.1070607490179983,-0.10564742595791193,-0.27030428863623324,0.052715100850488646,0.0936,5000,False,H2,252,E0_EV12 > E5_EV12
sharpe_diff,0.10531946201843757,0.10227795951283603,-0.11714189906916515,0.32347025183752826,0.8298,5000,False,H6,42,E5_EV12 > E0_EV12
sharpe_diff,0.10535777398748239,0.10447278514256542,-0.07461090745139945,0.2830912154727945,0.8834,5000,False,H6,126,E5_EV12 > E0_EV12
sharpe_diff,0.1070607490179983,0.10564742595791193,-0.05271510085048872,0.27030428863623324,0.9064,5000,False,H6,252,E5_EV12 > E0_EV12
sharpe_diff,0.0037699248262973435,0.00347098996075601,-0.050713204420934285,0.05968963967184754,0.548,5000,False,H7,42,LATCH_native > SM_native
sharpe_diff,0.0032949758906106992,0.0028915958443553325,-0.04804303884486063,0.05482052433109973,0.5488,5000,False,H7,126,LATCH_native > SM_native
sharpe_diff,0.002931359861718016,0.0017820789877079912,-0.04280146590992757,0.05473084880014542,0.5288,5000,False,H7,252,LATCH_native > SM_native
