metric,mean,median,ci_lo_95,ci_hi_95,sign_probability,n_boot,ci_excludes_zero,target_mdd,saturation_a_pct,saturation_b_pct,comparison
cagr_diff_matched_mdd,0.008095620019800645,0.006810548847593023,-0.0034724969453757415,0.026487189346448684,0.904,5000,False,0.05,0.0,0.0,E5 vs E0 at 5% MDD
cagr_diff_matched_mdd,0.016896612559361947,0.014105638181328706,-0.007345175161639067,0.05658498632564019,0.907,5000,False,0.1,0.0,0.0,E5 vs E0 at 10% MDD
cagr_diff_matched_mdd,0.01083847451491266,0.008895876693383098,-0.02277807218110108,0.05327387501021439,0.731,5000,False,0.05,0.0,0.0,SM vs E0 at 5% MDD
cagr_diff_matched_mdd,0.02261523605791856,0.0188878902429378,-0.04719019844025944,0.10991302470577481,0.7314,5000,False,0.1,0.0,2.32,SM vs E0 at 10% MDD
cagr_diff_matched_mdd,0.011821301564246047,0.009790435811865228,-0.022068188638949784,0.054234762060584224,0.7476,5000,False,0.05,0.0,0.0,LATCH vs E0 at 5% MDD
cagr_diff_matched_mdd,0.02152361964590067,0.01957914894811319,-0.047401273586819684,0.09582569469202727,0.7386,5000,False,0.1,0.0,16.56,LATCH vs E0 at 10% MDD
cagr_diff_matched_mdd,7.620758417572411e-05,2.691521658837459e-05,-0.007368362992891164,0.007427093607792392,0.5036,5000,False,0.05,0.0,0.0,EMA21_H4 vs E0 at 5% MDD
cagr_diff_matched_mdd,0.00020998619177346436,0.00013615048209836278,-0.014914158130709454,0.015518863644474346,0.511,5000,False,0.1,0.0,0.0,EMA21_H4 vs E0 at 10% MDD
