{
  "e0": {
    "cagr": 0.14938672715112733,
    "mdd": 0.1597745834434109,
    "sharpe": 1.3316080161459516,
    "sortino": 1.2154352830829296,
    "calmar": 0.9349843005789295,
    "exposure": 0.11825773164371832,
    "score": 48.50858100422065
  },
  "latch": {
    "cagr": 0.1291075642866839,
    "mdd": 0.13637364565880028,
    "sharpe": 1.195131274824337,
    "sortino": 0.9095963278950119,
    "calmar": 0.9467193141532952,
    "exposure": 0.0978747543119976,
    "score": 47.456930740734784
  },
  "delta_sharpe": -0.13647674132161458,
  "delta_cagr": -0.020279162864443423,
  "delta_mdd": -0.02340093778461061,
  "delta_score": -1.0516502634858682
}