{
  "H2": {
    "raw_p": 0.2332,
    "holm_p": 0.6996,
    "evidence": "TENTATIVE"
  },
  "H6": {
    "raw_p": 0.23320000000000007,
    "holm_p": 0.6996,
    "evidence": "TENTATIVE"
  },
  "H7": {
    "raw_p": 0.9024000000000001,
    "holm_p": 0.9024000000000001,
    "evidence": "UNSUPPORTED"
  },
  "_all_pairs": {
    "E0 - E5": {
      "raw_p": 0.1156,
      "holm_p": 1.0
    },
    "E0 - SM": {
      "raw_p": 0.38159999999999994,
      "holm_p": 1.0
    },
    "E0 - LATCH": {
      "raw_p": 0.4263999999999999,
      "holm_p": 1.0
    },
    "E0 - EMA21_H4": {
      "raw_p": 0.732,
      "holm_p": 1.0
    },
    "E5 - SM": {
      "raw_p": 0.1484000000000001,
      "holm_p": 1.0
    },
    "E5 - LATCH": {
      "raw_p": 0.1644000000000001,
      "holm_p": 1.0
    },
    "E5 - EMA21_H4": {
      "raw_p": 0.21439999999999992,
      "holm_p": 1.0
    },
    "SM - LATCH": {
      "raw_p": 0.472,
      "holm_p": 1.0
    },
    "SM - EMA21_H4": {
      "raw_p": 0.3428,
      "holm_p": 1.0
    },
    "LATCH - EMA21_H4": {
      "raw_p": 0.386,
      "holm_p": 1.0
    }
  }
}