{
  "native_mdds": {
    "E0_Native": 0.6330351775051166,
    "SM_Native": 0.1499785981822962,
    "P_Native": 0.1268004655487187,
    "LATCH_Native": 0.11241683869571384
  },
  "min_native_mdd": 0.11241683869571384,
  "max_native_mdd": 0.6330351775051166,
  "feasible_targets": [
    0.05,
    0.1
  ]
}