{
  "E0_at_LATCH_MDD": {
    "k": 0.130859375,
    "terminal_wealth": 1.657243354236581,
    "total_return": 0.657243354236581,
    "cagr": 0.061076090086674695,
    "mdd": 0.11236641603176778,
    "sharpe": 1.0773365733395108,
    "sortino": 0.9501431859204974,
    "calmar": 0.5435439897754459,
    "ulcer_index": 0.04575657336255295,
    "realized_vol": 0.056510712358515014,
    "avg_exposure": 0.05918192717822313,
    "time_in_market": 0.45225592112313795,
    "turnover": 58.179055713676675,
    "fee_drag": 0.06598961086363837,
    "longest_dd_days": 782.3333333333334,
    "recovery_days": 102.16666666666667,
    "budget_utilization": 0.130859375,
    "beta_vs_btc": 0.050513098934238006,
    "alpha_vs_btc": 0.032392739985598586,
    "corr_vs_btc": 0.62098303653057,
    "match_type": "E0_at_LATCH_MDD",
    "match_target": 0.11241683869571384
  },
  "E0_at_LATCH_exposure": {
    "k": 0.18976995328550433,
    "terminal_wealth": 2.0620102097869286,
    "total_return": 1.0620102097869286,
    "cagr": 0.08863989064755873,
    "mdd": 0.1597164128593237,
    "sharpe": 1.0773365733395108,
    "sortino": 0.9501431859204976,
    "calmar": 0.5549829792735934,
    "ulcer_index": 0.06576261703488341,
    "realized_vol": 0.081950836494565,
    "avg_exposure": 0.08582458502463063,
    "time_in_market": 0.45225592112313795,
    "turnover": 84.37023854790057,
    "fee_drag": 0.0956969676106222,
    "longest_dd_days": 782.3333333333334,
    "recovery_days": 105.16666666666667,
    "budget_utilization": 0.18976995328550433,
    "beta_vs_btc": 0.07325320348699821,
    "alpha_vs_btc": 0.04697537913394843,
    "corr_vs_btc": 0.62098303653057,
    "match_type": "E0_at_LATCH_exposure",
    "match_target": 0.08582458502463063
  },
  "LATCH_Native_ref": {
    "k": 1.0,
    "terminal_wealth": 2.4736695217806295,
    "total_return": 1.4736695217806295,
    "cagr": 0.1121450184474222,
    "mdd": 0.11241683869571395,
    "sharpe": 1.3147570754201092,
    "sortino": 1.0931650029156696,
    "calmar": 0.9975820326256682,
    "ulcer_index": 0.046813540341085466,
    "realized_vol": 0.08348882042878016,
    "avg_exposure": 0.08582458502463063,
    "time_in_market": 0.08582458502463063,
    "turnover": 45.107726574531156,
    "fee_drag": 0.08063267723539207,
    "longest_dd_days": 693.8333333333334,
    "recovery_days": 31.833333333333332,
    "budget_utilization": 1.0,
    "beta_vs_btc": 0.060567107151577565,
    "alpha_vs_btc": 0.07560895260370758,
    "corr_vs_btc": 0.5039819836825835,
    "match_type": "LATCH_Native"
  },
  "reverse_feasible": true,
  "reverse_note": "LATCH native MDD=0.1124 < E0 native MDD=0.6330. LATCH cannot reach E0-level MDD without leverage >1."
}