signal,cagr_pct,mdd_pct,sharpe,profit_factor,trades,exposure_pct,score
E0,45.04450324904765,63.30351775051166,1.0773365733395106,1.4858427803918424,452,45.2255921123138,90.67705396098742
SM,31.037133598667932,61.622843053409525,0.8837058250094789,1.7470794504660008,154,34.739041903332975,56.424172017029946
P,30.71662773636532,57.492559874713,0.8724896154542551,1.6098890553496414,182,38.16311220662308,57.32539561646775
LATCH,31.988557936482408,59.182637535270146,0.9062354511184099,1.759329849328566,154,34.567570464044586,60.50834517563404
