{
  "E0_Binary_100": {
    "ending_equity": 23.77678340975057,
    "total_return": 22.77678340975057,
    "cagr": 0.4504450324904765,
    "mdd": 0.6330351775051166,
    "sharpe": 1.0773365733395106,
    "calmar": 0.7115639833251379,
    "exposure": 0.45225592112313795,
    "turnover": 444.59218694630533,
    "n_trade_events": 452.0,
    "n_entries": 226.0,
    "n_exits": 226.0,
    "name": "E0_Binary_100",
    "profit_factor": 1.4858427803918424,
    "win_rate": 36.72566371681416,
    "avg_trade_pnl": 0.10078222747677244,
    "n_round_trips": 226,
    "avg_win": 0.83925010549515,
    "avg_loss": -0.32783898843599196,
    "time_in_market_pct": 45.2255921123138,
    "sortino": 0.9501431859204985,
    "total_cost": 11.990128218161313,
    "total_turnover": 4796.051287264525,
    "score": 90.67705396098742,
    "score_cagr": 112.61125812261912,
    "score_mdd": -37.98211065030699,
    "score_sharpe": 8.618692586716085,
    "score_pf": 2.429213901959212,
    "score_trade": 5.0
  },
  "E0_EntryVol_15": {
    "ending_equity": 4.273874456791866,
    "total_return": 3.273874456791866,
    "cagr": 0.18585443995090323,
    "mdd": 0.19283277582513592,
    "sharpe": 1.336467169792532,
    "calmar": 0.963811463873959,
    "exposure": 0.14678373194922442,
    "turnover": 148.6790898740333,
    "n_trade_events": 452.0,
    "n_entries": 226.0,
    "n_exits": 226.0,
    "name": "E0_EntryVol_15",
    "profit_factor": 1.9746821988319379,
    "win_rate": 36.72566371681416,
    "avg_trade_pnl": 0.014486170162795867,
    "n_round_trips": 226,
    "avg_win": 0.07991312349964519,
    "avg_loss": -0.02348891464110969,
    "time_in_market_pct": 45.2255921123138,
    "sortino": 1.2257694679734832,
    "total_cost": 0.9394523162298172,
    "total_turnover": 375.78092649192683,
    "score": 55.4587917907176,
    "score_cagr": 46.4636099877258,
    "score_mdd": -11.569966549508154,
    "score_sharpe": 10.691737358340257,
    "score_pf": 4.8734109941596895,
    "score_trade": 5.0
  },
  "E0_EntryVol_12": {
    "ending_equity": 3.275160414741564,
    "total_return": 2.275160414741564,
    "cagr": 0.14938672715112733,
    "mdd": 0.1597745834434109,
    "sharpe": 1.3316080161459516,
    "calmar": 0.9349843005789295,
    "exposure": 0.11825773164371832,
    "turnover": 117.83718843494147,
    "n_trade_events": 452.0,
    "n_entries": 226.0,
    "n_exits": 226.0,
    "name": "E0_EntryVol_12",
    "profit_factor": 2.019102018775172,
    "win_rate": 36.72566371681416,
    "avg_trade_pnl": 0.010067081481157363,
    "n_round_trips": 226,
    "avg_win": 0.054309340824695226,
    "avg_loss": -0.015611992123833152,
    "time_in_market_pct": 45.2255921123138,
    "sortino": 1.2154352830829296,
    "total_cost": 0.6186705137380536,
    "total_turnover": 247.46820549522147,
    "score": 48.50858100422065,
    "score_cagr": 37.34668178778183,
    "score_mdd": -9.586475006604653,
    "score_sharpe": 10.652864129167613,
    "score_pf": 5.095510093875859,
    "score_trade": 5.0
  },
  "SM_Binary_100": {
    "ending_equity": 10.007326881962028,
    "total_return": 9.007326881962028,
    "cagr": 0.3103713359866793,
    "mdd": 0.6162284305340953,
    "sharpe": 0.8837058250094789,
    "calmar": 0.5036627987411672,
    "exposure": 0.34739041903332973,
    "turnover": 162.17392176063908,
    "n_trade_events": 154.0,
    "n_entries": 77.0,
    "n_exits": 77.0,
    "name": "SM_Binary_100",
    "profit_factor": 1.7470794504660008,
    "win_rate": 40.25974025974026,
    "avg_trade_pnl": 0.11697827119431205,
    "n_round_trips": 77,
    "avg_win": 0.6794853457208512,
    "avg_loss": -0.26210258337792086,
    "time_in_market_pct": 34.739041903332975,
    "sortino": 0.6576396477544616,
    "total_cost": 1.937038975734792,
    "total_turnover": 774.8155902939168,
    "score": 56.424172017029946,
    "score_cagr": 77.59283399666982,
    "score_mdd": -36.97370583204572,
    "score_sharpe": 7.069646600075831,
    "score_pf": 3.735397252330004,
    "score_trade": 5.0
  },
  "SM_EntryVol_15": {
    "ending_equity": 3.5270582307299927,
    "total_return": 2.5270582307299927,
    "cagr": 0.15942519604196548,
    "mdd": 0.16519410458274952,
    "sharpe": 1.2003307369318654,
    "calmar": 0.9650779998756296,
    "exposure": 0.12093754041293095,
    "turnover": 52.73652595907353,
    "n_trade_events": 154.0,
    "n_entries": 77.0,
    "n_exits": 77.0,
    "name": "SM_EntryVol_15",
    "profit_factor": 2.678763520450562,
    "win_rate": 40.25974025974026,
    "avg_trade_pnl": 0.03281893806142848,
    "n_round_trips": 77,
    "avg_win": 0.13007636986253934,
    "avg_loss": -0.03272411380453754,
    "time_in_market_pct": 34.739041903332975,
    "sortino": 0.9203283234105556,
    "total_cost": 0.28921772244514343,
    "total_turnover": 115.68708897805737,
    "score": 52.941116233234126,
    "score_cagr": 39.85629901049137,
    "score_mdd": -9.911646274964971,
    "score_sharpe": 9.602645895454923,
    "score_pf": 8.393817602252811,
    "score_trade": 5.0
  },
  "SM_EntryVol_12": {
    "ending_equity": 2.805315467672522,
    "total_return": 1.8053154676725218,
    "cagr": 0.12868775552795286,
    "mdd": 0.13637364565880028,
    "sharpe": 1.1912660075912629,
    "calmar": 0.9436409425463546,
    "exposure": 0.09797011012034668,
    "turnover": 41.60946178476529,
    "n_trade_events": 154.0,
    "n_entries": 77.0,
    "n_exits": 77.0,
    "name": "SM_EntryVol_12",
    "profit_factor": 2.7511338625089596,
    "win_rate": 40.25974025974026,
    "avg_trade_pnl": 0.023445655424318465,
    "n_round_trips": 77,
    "avg_win": 0.0914921399243872,
    "avg_loss": -0.022411758043119172,
    "time_in_market_pct": 34.739041903332975,
    "sortino": 0.9090416533660084,
    "total_cost": 0.19545220856966475,
    "total_turnover": 78.1808834278659,
    "score": 47.2753175157351,
    "score_cagr": 32.17193888198822,
    "score_mdd": -8.182418739528016,
    "score_sharpe": 9.530128060730103,
    "score_pf": 8.755669312544798,
    "score_trade": 5.0
  },
  "P_Binary_100": {
    "ending_equity": 9.800665766604626,
    "total_return": 8.800665766604626,
    "cagr": 0.3071662773636532,
    "mdd": 0.57492559874713,
    "sharpe": 0.8724896154542551,
    "calmar": 0.5342713527333376,
    "exposure": 0.38163112206623084,
    "turnover": 185.90095502970735,
    "n_trade_events": 182.0,
    "n_entries": 91.0,
    "n_exits": 91.0,
    "name": "P_Binary_100",
    "profit_factor": 1.6098890553496414,
    "win_rate": 37.362637362637365,
    "avg_trade_pnl": 0.09671061281983105,
    "n_round_trips": 91,
    "avg_win": 0.6832532695024183,
    "avg_loss": -0.25315693678030865,
    "time_in_market_pct": 38.16311220662308,
    "sortino": 0.6882773698164347,
    "total_cost": 2.226826557992487,
    "total_turnover": 890.7306231969947,
    "score": 57.32539561646775,
    "score_cagr": 76.7915693409133,
    "score_mdd": -34.4955359248278,
    "score_sharpe": 6.979916923634041,
    "score_pf": 3.049445276748207,
    "score_trade": 5.0
  },
  "P_EntryVol_15": {
    "ending_equity": 3.2627730471482077,
    "total_return": 2.2627730471482077,
    "cagr": 0.14887569542883106,
    "mdd": 0.18358798472321458,
    "sharpe": 1.1253636793116686,
    "calmar": 0.8109228697797554,
    "exposure": 0.1317347082702181,
    "turnover": 60.265325462448615,
    "n_trade_events": 182.0,
    "n_entries": 91.0,
    "n_exits": 91.0,
    "name": "P_EntryVol_15",
    "profit_factor": 2.351180710360228,
    "win_rate": 37.362637362637365,
    "avg_trade_pnl": 0.024865637880749535,
    "n_round_trips": 91,
    "avg_win": 0.11580695791346565,
    "avg_loss": -0.029380061787888153,
    "time_in_market_pct": 38.16311220662308,
    "sortino": 0.9105647136370949,
    "total_cost": 0.3109720412868248,
    "total_turnover": 124.38881651472994,
    "score": 46.96245776010938,
    "score_cagr": 37.21892385720777,
    "score_mdd": -11.015279083392874,
    "score_sharpe": 9.002909434493349,
    "score_pf": 6.755903551801139,
    "score_trade": 5.0
  },