metric_name,observed_a,observed_b,observed_delta,mean_delta,std_delta,ci_lower,ci_upper,p_a_better,n_bootstrap,block_size,scenario
sharpe,1.71762180439466,1.5204520063792804,0.1971697980153797,0.19910344340321628,0.09684251137934023,0.007411662256278699,0.4023020489448786,0.978,2000,10,smart
sharpe,1.71762180439466,1.5204520063792804,0.1971697980153797,0.19991376779189876,0.09809318801321835,0.008580029912612674,0.38808051803925986,0.981,2000,20,smart
sharpe,1.71762180439466,1.5204520063792804,0.1971697980153797,0.19800568209995198,0.09147102417647691,0.017205840674102676,0.37891286375881067,0.984,2000,40,smart
sharpe,1.5930906637413262,1.3964268824597723,0.19666378128155393,0.19859231327264482,0.09822634624197517,0.004558971916982662,0.4041762039343222,0.977,2000,10,base
sharpe,1.5930906637413262,1.3964268824597723,0.19666378128155393,0.19954668037344614,0.09972345133989813,0.0058619611556996395,0.3917461872292004,0.977,2000,20,base
sharpe,1.5930906637413262,1.3964268824597723,0.19666378128155393,0.19759535350262092,0.09289677862149903,0.014892033992698884,0.3830038008031133,0.9825,2000,40,base
sharpe,1.461342462002579,1.265330179633677,0.1960122823689019,0.19793520924569752,0.09986914538976792,7.110772483006783e-05,0.40540549152593175,0.975,2000,10,harsh
sharpe,1.461342462002579,1.265330179633677,0.1960122823689019,0.19904005021227822,0.10160955149691786,0.0010432490501954188,0.391391744802186,0.975,2000,20,harsh
sharpe,1.461342462002579,1.265330179633677,0.1960122823689019,0.19704291969805823,0.094554140411666,0.01120780293422326,0.384882376776093,0.981,2000,40,harsh
