{
  "mean_diff": 2.6853997203172107e-05,
  "ci95_low": -3.4696243214947365e-06,
  "ci95_high": 5.749321230874129e-05,
  "p_gt_0": 0.9601,
  "n_obs": 15647,
  "block_len": 168,
  "n_resamples": 10000,
  "seed": 1505
}