scenario,model,total_score,return_term,mdd_penalty,sharpe_term,profit_factor_term,trade_count_term,reject_term,residual
smart,candidate,198.5893,196.275,-21.432,13.7408,5.0055000000000005,5.0,0.0,0.0
base,candidate,175.44330000000002,175.72500000000002,-22.5,12.7448,4.4735000000000005,5.0,0.0,0.0
harsh,candidate,151.0784,155.075,-24.581999999999997,11.6904,3.8949999999999996,5.0,0.0,0.0
smart,baseline,167.899,169.875,-23.105999999999998,12.164,3.9659999999999993,5.0,0.0,0.0
base,baseline,145.7092,150.025,-24.023999999999997,11.1712,3.537,5.0,0.0,0.0
harsh,baseline,123.3249,130.1,-24.965999999999998,10.1224,3.0684999999999993,5.0,0.0,0.0
