scenario,model,total_score,return_term,mdd_penalty,sharpe_term,profit_factor_term,trade_count_term,reject_term,residual
smart,candidate,107.4839,95.67500000000001,-7.763999999999999,10.8424,5.1305,3.5999999999999996,0.0,0.0
base,candidate,89.4088,80.35,-8.514,9.4648,4.508,3.5999999999999996,0.0,0.0
harsh,candidate,70.9431,64.9,-9.372,8.0096,3.8055000000000003,3.5999999999999996,0.0,0.0
smart,baseline,101.1604,92.125,-9.209999999999999,10.3944,4.351000000000001,3.5,0.0,0.0
base,baseline,83.5206,77.375,-10.26,9.0736,3.832,3.5,0.0,0.0
harsh,baseline,65.4203,62.474999999999994,-11.478,7.6808,3.2425000000000006,3.5,0.0,0.0
