{
  "scenario": "harsh",
  "candidate_trades": 187,
  "baseline_trades": 192,
  "matched_trades": 145,
  "candidate_only_trades": 42,
  "baseline_only_trades": 47,
  "match_rate": 0.775401,
  "matched_delta_pnl_mean": 511.714136,
  "matched_delta_pnl_median": -5.44633,
  "matched_delta_return_mean": 0.062111,
  "matched_delta_return_median": 0.0,
  "matched_win_rate_baseline": 0.42069,
  "matched_win_rate_candidate": 0.427586,
  "matched_win_rate_delta": 0.006897,
  "matched_p_positive": 0.482759,
  "matched_block_bootstrap_ci_lower": -3e-06,
  "matched_block_bootstrap_ci_upper": 5.7e-05,
  "matched_block_bootstrap_p_positive": 0.9601,
  "candidate_fees_usd": 81634.6594,
  "baseline_fees_usd": 58985.535216,
  "delta_fees_usd": 22649.124184,
  "candidate_emergency_dd_share": 0.0,
  "baseline_emergency_dd_share": 0.0,
  "delta_emergency_dd_share_pp": 0.0,
  "candidate_buy_fills_per_episode": 6.344828,
  "baseline_buy_fills_per_episode": 6.821429,
  "delta_buy_fills_per_episode": -0.476601,
  "candidate_dd_episode_count": 29,
  "baseline_dd_episode_count": 28,
  "trade_level_bootstrap": {
    "mean_diff": 2.6853997203172107e-05,
    "ci95_low": -3.4696243214947365e-06,
    "ci95_high": 5.749321230874129e-05,
    "p_gt_0": 0.9601,
    "n_obs": 15647,
    "block_len": 168,
    "n_resamples": 10000,
    "seed": 1505,
    "ci_crosses_zero": true,
    "small_improvement_threshold": 0.0002,
    "is_small_improvement": true,
    "all_blocks": [
      {
        "mean_diff": 2.6853997203172107e-05,
        "ci95_low": -3.914532406051387e-06,
        "ci95_high": 5.862956870965104e-05,
        "p_gt_0": 0.9523,
        "n_obs": 15647,
        "block_len": 42,
        "n_resamples": 10000,
        "seed": 1379
      },
      {
        "mean_diff": 2.6853997203172107e-05,
        "ci95_low": -4.005534570063316e-06,
        "ci95_high": 5.7981015866538924e-05,
        "p_gt_0": 0.9565,
        "n_obs": 15647,
        "block_len": 84,
        "n_resamples": 10000,
        "seed": 1421
      },
      {
        "mean_diff": 2.6853997203172107e-05,
        "ci95_low": -3.4696243214947365e-06,
        "ci95_high": 5.749321230874129e-05,
        "p_gt_0": 0.9601,
        "n_obs": 15647,
        "block_len": 168,
        "n_resamples": 10000,
        "seed": 1505
      }
    ],
    "n_timestamps": 15647
  }
}