{
  "mean_diff": -7.549832366577811e-05,
  "ci95_low": -0.00013287096363346224,
  "ci95_high": -1.9195969791374296e-05,
  "p_gt_0": 0.0041,
  "n_obs": 15647,
  "block_len": 168,
  "n_resamples": 10000,
  "seed": 1673
}