{
  "config": {
    "d1_ema_period": 1200,
    "h4_days_equiv": 200.0,
    "cost_bps_rt": 50,
    "warmup_days": 365,
    "n_boot": 2000,
    "seed": 42
  },
  "phase1_coins_n120": {
    "BTCUSDT": {
      "E0": {
        "sharpe": 1.1096988125996683,
        "cagr": 42.32193319772808,
        "mdd": 41.53306852673477,
        "calmar": 1.0189936525033183,
        "trades": 223,
        "final_nav": 219152.35333017795
      },
      "E0+D1": {
        "sharpe": 1.1316643723265754,
        "cagr": 40.17003647473616,
        "mdd": 43.80057160134433,
        "calmar": 0.9171121518766494,
        "trades": 173,
        "final_nav": 172998.09847436173
      }
    },
    "ETHUSDT": {
      "E0": {
        "sharpe": 0.9468118948306029,
        "cagr": 42.39849758816987,
        "mdd": 47.88322279922519,
        "calmar": 0.8854562226512441,
        "trades": 212,
        "final_nav": 289046.44745389937
      },
      "E0+D1": {
        "sharpe": 0.8675484440171417,
        "cagr": 33.161295928555454,
        "mdd": 50.35913746368643,
        "calmar": 0.6584961061429576,
        "trades": 154,
        "final_nav": 133210.95151552348
      }
    },
    "BNBUSDT": {
      "E0": {
        "sharpe": 1.202981337027208,
        "cagr": 68.43378946028464,
        "mdd": 59.51041175644312,
        "calmar": 1.1499464957554322,
        "trades": 222,
        "final_nav": 1225293.274096193
      },
      "E0+D1": {
        "sharpe": 1.1045477871825007,
        "cagr": 56.20631898063573,
        "mdd": 64.5548618142522,
        "calmar": 0.8706752272564959,
        "trades": 176,
        "final_nav": 902065.5897719533
      }
    },
    "SOLUSDT": {
      "E0": {
        "sharpe": 0.7522042789165995,
        "cagr": 32.10376252286955,
        "mdd": 78.08214572109343,
        "calmar": 0.4111536923888211,
        "trades": 148,
        "final_nav": 153731.6407792085
      },
      "E0+D1": {
        "sharpe": 0.8283000050143347,
        "cagr": 35.848101443554306,
        "mdd": 70.61798345272612,
        "calmar": 0.5076341703746347,
        "trades": 105,
        "final_nav": 220543.4890275587
      }
    },
    "XRPUSDT": {
      "E0": {
        "sharpe": 0.3323641298176663,
        "cagr": 0.7426908814710975,
        "mdd": 92.20571708807945,
        "calmar": 0.008054716181661951,
        "trades": 194,
        "final_nav": 3508.963689957257
      },
      "E0+D1": {
        "sharpe": 0.2063412629214586,
        "cagr": -5.057176121839979,
        "mdd": 93.16509419361884,
        "calmar": -0.054281876335894486,
        "trades": 130,
        "final_nav": 4165.430078628348
      }
    },
    "LTCUSDT": {
      "E0": {
        "sharpe": 0.3317820246725115,
        "cagr": 0.9249807382128328,
        "mdd": 88.97240802530654,
        "calmar": 0.01039626507523253,
        "trades": 217,
        "final_nav": 7015.16750408955
      },
      "E0+D1": {
        "sharpe": 0.32615816511838774,
        "cagr": 2.666677534305051,
        "mdd": 83.9880904974431,
        "calmar": 0.03175066272504712,
        "trades": 126,
        "final_nav": 9314.105003722958
      }
    },
    "ADAUSDT": {
      "E0": {
        "sharpe": 0.4953204004765145,
        "cagr": 11.591625761778058,
        "mdd": 79.08914669847528,
        "calmar": 0.14656405139849016,
        "trades": 194,
        "final_nav": 20740.60579828198
      },
      "E0+D1": {
        "sharpe": 0.799469152008085,
        "cagr": 34.92432035472166,
        "mdd": 59.88940280058741,
        "calmar": 0.5831469128354559,
        "trades": 108,
        "final_nav": 104178.17550554119
      }
    },
    "DOGEUSDT": {
      "E0": {
        "sharpe": 1.1842598464118834,
        "cagr": 120.43802106495298,
        "mdd": 79.23695920446416,
        "calmar": 1.5199727787909305,
        "trades": 154,
        "final_nav": 1013333.2625209991
      },
      "E0+D1": {
        "sharpe": 1.1550995470806615,
        "cagr": 113.08378240239429,
        "mdd": 78.21453277357627,
        "calmar": 1.4458154820122908,
        "trades": 105,
        "final_nav": 699707.1516727082
      }
    },
    "TRXUSDT": {
      "E0": {
        "sharpe": 0.46315909520095394,
        "cagr": 10.566752122762125,
        "mdd": 71.2399597921434,
        "calmar": 0.14832619436609318,
        "trades": 245,
        "final_nav": 13851.8144752749
      },
      "E0+D1": {
        "sharpe": 0.4725045339016767,
        "cagr": 11.6475832516578,
        "mdd": 70.53287803084145,
        "calmar": 0.16513693438916158,
        "trades": 189,
        "final_nav": 18501.280303834592
      }
    },
    "AVAXUSDT": {
      "E0": {
        "sharpe": 0.396906462242003,
        "cagr": 5.42428089409952,
        "mdd": 70.6134206441901,
        "calmar": 0.07681657175951888,
        "trades": 137,
        "final_nav": 176032.49881681215
      },
      "E0+D1": {
        "sharpe": 0.24724191991079683,
        "cagr": -0.757921257790517,
        "mdd": 70.6199927772748,
        "calmar": -0.010732389341654148,
        "trades": 79,
        "final_nav": 140519.36621285786
      }
    },
    "LINKUSDT": {
      "E0": {
        "sharpe": 0.27758790919667087,
        "cagr": -4.831980143711679,
        "mdd": 90.72692745987514,
        "calmar": -0.053258500855202756,
        "trades": 211,
        "final_nav": 16777.52324528009
      },
      "E0+D1": {
        "sharpe": 0.3383086230315787,
        "cagr": 1.0850233800677067,
        "mdd": 86.46583545859706,
        "calmar": 0.0125485791505161,
        "trades": 150,
        "final_nav": 29808.581902929025
      }
    },
    "BCHUSDT": {
      "E0": {
        "sharpe": 0.30315088710277366,
        "cagr": -0.8013869471075519,
        "mdd": 81.47222707016614,
        "calmar": -0.009836320620244924,
        "trades": 176,
        "final_nav": 9178.266936476799
      },
      "E0+D1": {
        "sharpe": 0.4577330731577031,
        "cagr": 10.1771989504162,
        "mdd": 68.66704235597703,
        "calmar": 0.14821082430864796,
        "trades": 127,
        "final_nav": 13812.532020711635
      }
    },
    "HBARUSDT": {
      "E0": {
        "sharpe": 0.4001626522416878,
        "cagr": 0.7953466618075611,
        "mdd": 88.71252000241064,
        "calmar": 0.008965438720328862,
        "trades": 169,
        "final_nav": 13082.321628687678
      },
      "E0+D1": {
        "sharpe": 0.504455033205018,
        "cagr": 10.96805538929939,
        "mdd": 84.87596954369319,
        "calmar": 0.12922450781140307,
        "trades": 115,
        "final_nav": 8290.956822291157
      }
    },
    "XLMUSDT": {
      "E0": {
        "sharpe": 0.7193696089579733,
        "cagr": 30.657077906283426,
        "mdd": 63.338961832664566,
        "calmar": 0.4840161098199947,
        "trades": 193,
        "final_nav": 48568.988486086346
      },
      "E0+D1": {
        "sharpe": 0.72607429355458,
        "cagr": 30.832761828672606,
        "mdd": 56.756914452773955,
        "calmar": 0.5432423895123438,
        "trades": 113,
        "final_nav": 30047.119921887956
      }
    }
  },
  "phase3_bootstrap": {
    "per_timescale": [
      {
        "sp": 30,
        "days": 5.0,
        "p_sharpe": 0.441,
        "p_cagr": 0.477,
        "p_mdd": 0.735,
        "p_nav": 0.47,
        "med_d_sharpe": -0.03342,
        "med_d_cagr": -0.6517
      },
      {
        "sp": 48,
        "days": 8.0,
        "p_sharpe": 0.401,
        "p_cagr": 0.412,
        "p_mdd": 0.7025,
        "p_nav": 0.41,
        "med_d_sharpe": -0.053842,
        "med_d_cagr": -1.9632
      },
      {
        "sp": 60,
        "days": 10.0,
        "p_sharpe": 0.3915,
        "p_cagr": 0.3965,
        "p_mdd": 0.678,
        "p_nav": 0.3895,
        "med_d_sharpe": -0.057574,
        "med_d_cagr": -2.2592
      },
      {
        "sp": 72,
        "days": 12.0,
        "p_sharpe": 0.3725,
        "p_cagr": 0.382,
        "p_mdd": 0.6585,
        "p_nav": 0.381,
        "med_d_sharpe": -0.063016,