metric_name,observed_a,observed_b,observed_delta,mean_delta,std_delta,ci_lower,ci_upper,p_a_better,n_bootstrap,block_size,scenario
sharpe,1.7843609026494878,1.5204520063792804,0.2639088962702074,0.26441986840622994,0.14920065560554527,-0.026198540560357683,0.5642474812928825,0.9635,2000,10,smart
sharpe,1.7843609026494878,1.5204520063792804,0.2639088962702074,0.2700314917493007,0.1500882926796613,-0.02950449501078622,0.5614506784146092,0.9615,2000,20,smart
sharpe,1.7843609026494878,1.5204520063792804,0.2639088962702074,0.2652996966166716,0.14278342784079895,-0.026714967564023303,0.5401559879499029,0.965,2000,40,smart
sharpe,1.64041584608868,1.3964268824597723,0.24398896362890765,0.24453825485964634,0.15169232657537307,-0.05229443561849738,0.5465713150864357,0.9505,2000,10,base
sharpe,1.64041584608868,1.3964268824597723,0.24398896362890765,0.2501554738804387,0.1528079474733644,-0.05327892936632815,0.5467248911733352,0.9455,2000,20,base
sharpe,1.64041584608868,1.3964268824597723,0.24398896362890765,0.2455540004816697,0.1456518594997057,-0.05509715947913707,0.522171838590087,0.951,2000,40,base
sharpe,1.488025707102211,1.265330179633677,0.22269552746853383,0.2232866289434563,0.15458347284172935,-0.0777269105731799,0.5278027934853151,0.9275,2000,10,harsh
sharpe,1.488025707102211,1.265330179633677,0.22269552746853383,0.2289062391935139,0.15589712783304846,-0.08082044534856424,0.528493026108829,0.925,2000,20,harsh
sharpe,1.488025707102211,1.265330179633677,0.22269552746853383,0.22444443567301894,0.14888516156042217,-0.08284869297152636,0.5047297458984552,0.9305,2000,40,harsh
