{
  "n_rows": 9,
  "bootstrap": 2000,
  "seed": 1337,
  "gate": {
    "scenario": "harsh",
    "block_size": 10,
    "p_candidate_better": 0.9275,
    "ci_lower": -0.0777269105731799,
    "ci_upper": 0.5278027934853151,
    "observed_delta": 0.22269552746853383
  }
}