{
  "mean_diff": 2.695964644214849e-05,
  "ci95_low": -2.4093790545979673e-05,
  "ci95_high": 7.911505866934079e-05,
  "p_gt_0": 0.8388,
  "n_obs": 15647,
  "block_len": 168,
  "n_resamples": 10000,
  "seed": 1505
}