scenario,model,total_score,return_term,mdd_penalty,sharpe_term,profit_factor_term,trade_count_term,reject_term,residual
smart,candidate,207.92270000000002,203.57500000000002,-19.715999999999998,14.2752,4.7885,5.0,0.0,0.0
base,candidate,181.6442,179.85,-20.645999999999997,13.1232,4.317,5.0,0.0,0.0
harsh,candidate,154.88150000000002,156.175,-21.978,11.904,3.7805,5.0,0.0,0.0
smart,baseline,167.899,169.875,-23.105999999999998,12.164,3.9659999999999993,5.0,0.0,0.0
base,baseline,145.7092,150.025,-24.023999999999997,11.1712,3.537,5.0,0.0,0.0
harsh,baseline,123.3249,130.1,-24.965999999999998,10.1224,3.0684999999999993,5.0,0.0,0.0
