scenario,model,total_score,return_term,mdd_penalty,sharpe_term,profit_factor_term,trade_count_term,reject_term,residual
smart,candidate,98.4632,91.15,-11.334,10.6712,3.3760000000000003,4.6000000000000005,0.0,0.0
base,candidate,76.09960000000001,71.95,-12.197999999999999,8.8616,2.8859999999999997,4.6000000000000005,0.0,0.0
harsh,candidate,53.637100000000004,52.85,-13.097999999999999,6.9536,2.3314999999999997,4.6000000000000005,0.0,0.0
smart,baseline,101.1604,92.125,-9.209999999999999,10.3944,4.351000000000001,3.5,0.0,0.0
base,baseline,83.5206,77.375,-10.26,9.0736,3.832,3.5,0.0,0.0
harsh,baseline,65.4203,62.474999999999994,-11.478,7.6808,3.2425000000000006,3.5,0.0,0.0
