{
  "scenario": "harsh",
  "candidate_trades": 213,
  "baseline_trades": 192,
  "matched_trades": 96,
  "candidate_only_trades": 117,
  "baseline_only_trades": 96,
  "match_rate": 0.450704,
  "matched_delta_pnl_mean": 448.085,
  "matched_delta_pnl_median": 214.644916,
  "matched_delta_return_mean": -0.60406,
  "matched_delta_return_median": 0.469647,
  "matched_win_rate_baseline": 0.34375,
  "matched_win_rate_candidate": 0.40625,
  "matched_win_rate_delta": 0.0625,
  "matched_p_positive": 0.604167,
  "matched_block_bootstrap_ci_lower": -2.4e-05,
  "matched_block_bootstrap_ci_upper": 7.9e-05,
  "matched_block_bootstrap_p_positive": 0.8388,
  "candidate_fees_usd": 95665.622537,
  "baseline_fees_usd": 58985.535216,
  "delta_fees_usd": 36680.087321,
  "candidate_emergency_dd_share": 0.0,
  "baseline_emergency_dd_share": 0.0,
  "delta_emergency_dd_share_pp": 0.0,
  "candidate_buy_fills_per_episode": 5.648649,
  "baseline_buy_fills_per_episode": 6.821429,
  "delta_buy_fills_per_episode": -1.17278,
  "candidate_dd_episode_count": 37,
  "baseline_dd_episode_count": 28,
  "trade_level_bootstrap": {
    "mean_diff": 2.695964644214849e-05,
    "ci95_low": -2.4093790545979673e-05,
    "ci95_high": 7.911505866934079e-05,
    "p_gt_0": 0.8388,
    "n_obs": 15647,
    "block_len": 168,
    "n_resamples": 10000,
    "seed": 1505,
    "ci_crosses_zero": true,
    "small_improvement_threshold": 0.0002,
    "is_small_improvement": true,
    "all_blocks": [
      {
        "mean_diff": 2.695964644214849e-05,
        "ci95_low": -2.4937187470574053e-05,
        "ci95_high": 7.691758844401486e-05,
        "p_gt_0": 0.8527,
        "n_obs": 15647,
        "block_len": 42,
        "n_resamples": 10000,
        "seed": 1379
      },
      {
        "mean_diff": 2.695964644214849e-05,
        "ci95_low": -2.387571534056521e-05,
        "ci95_high": 7.825247924175683e-05,
        "p_gt_0": 0.85,
        "n_obs": 15647,
        "block_len": 84,
        "n_resamples": 10000,
        "seed": 1421
      },
      {
        "mean_diff": 2.695964644214849e-05,
        "ci95_low": -2.4093790545979673e-05,
        "ci95_high": 7.911505866934079e-05,
        "p_gt_0": 0.8388,
        "n_obs": 15647,
        "block_len": 168,
        "n_resamples": 10000,
        "seed": 1505
      }
    ],
    "n_timestamps": 15647
  }
}