scenario,model,total_score,return_term,mdd_penalty,sharpe_term,profit_factor_term,trade_count_term,reject_term,residual
smart,candidate,76.31400000000001,76.775,-15.107999999999999,8.648,3.399,2.6,0.0,0.0
base,candidate,65.6412,67.575,-15.54,7.8472,3.159,2.6,0.0,0.0
harsh,candidate,61.480700000000006,63.075,-14.826,7.4592,3.1725000000000003,2.6,0.0,0.0
smart,baseline,108.18889999999999,103.77499999999999,-14.466,10.8224,5.6575,2.4,0.0,0.0
base,baseline,97.869,94.825,-14.843999999999998,10.092,5.396000000000001,2.4,0.0,0.0
harsh,baseline,86.1051,84.75,-15.234,9.2616,4.9275,2.4,0.0,0.0
