{
  "configs": {
    "C200": "200/50/3.0",
    "D120": "120/30/3.0"
  },
  "phase1_per_coin": {
    "BTCUSDT": {
      "C200_sharpe": 1.3538464602820146,
      "D120_sharpe": 1.1096988125996683,
      "d_sharpe": 0.2441
    },
    "ETHUSDT": {
      "C200_sharpe": 0.8155959045363161,
      "D120_sharpe": 0.9468118948306029,
      "d_sharpe": -0.1312
    },
    "BNBUSDT": {
      "C200_sharpe": 1.3056427086318743,
      "D120_sharpe": 1.202981337027208,
      "d_sharpe": 0.1027
    },
    "SOLUSDT": {
      "C200_sharpe": 0.7974591439961156,
      "D120_sharpe": 0.7522042789165995,
      "d_sharpe": 0.0453
    },
    "XRPUSDT": {
      "C200_sharpe": 0.2087295449247553,
      "D120_sharpe": 0.3323641298176663,
      "d_sharpe": -0.1236
    },
    "LTCUSDT": {
      "C200_sharpe": 0.3902749044383024,
      "D120_sharpe": 0.3317820246725115,
      "d_sharpe": 0.0585
    },
    "ADAUSDT": {
      "C200_sharpe": 0.5521249714692366,
      "D120_sharpe": 0.4953204004765145,
      "d_sharpe": 0.0568
    },
    "DOGEUSDT": {
      "C200_sharpe": 1.2398712939205208,
      "D120_sharpe": 1.1842598464118834,
      "d_sharpe": 0.0556
    },
    "TRXUSDT": {
      "C200_sharpe": 0.6095380572067964,
      "D120_sharpe": 0.46315909520095394,
      "d_sharpe": 0.1464
    },
    "AVAXUSDT": {
      "C200_sharpe": 0.06018081063988392,
      "D120_sharpe": 0.396906462242003,
      "d_sharpe": -0.3367
    },
    "LINKUSDT": {
      "C200_sharpe": 0.27617800356485805,
      "D120_sharpe": 0.27758790919667087,
      "d_sharpe": -0.0014
    },
    "BCHUSDT": {
      "C200_sharpe": 0.24579783640683056,
      "D120_sharpe": 0.30315088710277366,
      "d_sharpe": -0.0574
    },
    "HBARUSDT": {
      "C200_sharpe": 0.6522540608546143,
      "D120_sharpe": 0.4001626522416878,
      "d_sharpe": 0.2521
    },
    "XLMUSDT": {
      "C200_sharpe": 0.4276590993454141,
      "D120_sharpe": 0.7193696089579733,
      "d_sharpe": -0.2917
    }
  },
  "phase1_wins": {
    "sharpe": 8,
    "cagr": 8,
    "mdd": 8
  }
}