variant,wf_sharpe,wf_cagr,wf_mdd,wf_trades,hold_sharpe,hold_cagr,hold_mdd,hold_trades,yr2025_cagr,yr2025_sharpe,full_sharpe,full_cagr,full_mdd
macro_only,1.5883696180390718,0.8433025732921604,-0.2962145284143556,39,0.8771961204168859,0.2924597226207557,-0.28996354464899166,43,0.009251286093096889,0.1185834516493894,1.2886434942303555,0.5209689797459633,-0.2962145284143556
+micro_hysteresis,1.627998919433356,0.6653309787919948,-0.23221426704758574,116,1.3747646041768045,0.40315679641922864,-0.15220819410848074,56,0.07235813539075386,0.46583524023946116,1.4467026684968318,0.47270886937422785,-0.23221426704758574
+anti_chase_cap (final),1.652491589647763,0.6577555334667768,-0.23005909787245837,110,1.4197024154189368,0.41875669142881433,-0.15220819410848196,56,0.07313003159370535,0.469671916601866,1.475866026688368,0.47382693528299,-0.23005909787245837
+flow_entry (optional),1.6831332684445879,0.650841349617092,-0.24970088151115366,106,1.4026797965902298,0.4125131285355941,-0.1423124046085822,56,0.08129476412067627,0.5102023453752632,1.492623192872248,0.46843974298178215,-0.24970088151115366
fast_old_like,1.5646828859758293,0.6784847509552396,-0.3694777534577489,65,0.5939993039948073,0.1542581391519393,-0.26644916872169166,37,-0.05911241175937487,-0.34002921434250827,1.2069133185498995,0.3951639358970773,-0.3694777534577489
