block,median_sharpe,q05_sharpe,q95_sharpe,p_sharpe_gt0,median_cagr,median_mdd
5,1.6501524206552622,0.8599922522262116,2.3740715116498614,0.9991666666666666,0.6730814824264885,-0.27061057654743065
10,1.639022164580738,0.853203185990799,2.3698903607355253,1.0,0.6573405875768175,-0.2704519584898847
20,1.6182482824493378,0.7929696431726301,2.415512322341913,1.0,0.6519647482356927,-0.28342033361579305
