{
  "n_rows": 9,
  "bootstrap": 2000,
  "seed": 1337,
  "gate": {
    "scenario": "harsh",
    "block_size": 10,
    "p_candidate_better": 0.95,
    "ci_lower": -0.02876274620464213,
    "ci_upper": 0.3772095629004703,
    "observed_delta": 0.16471267351891594
  }
}