metric_name,observed_a,observed_b,observed_delta,mean_delta,std_delta,ci_lower,ci_upper,p_a_better,n_bootstrap,block_size,scenario
sharpe,1.685952921116422,1.5204520063792804,0.16550091473714157,0.1681095459615693,0.09876382887633575,-0.020855795546877096,0.37061182955005467,0.959,2000,10,smart
sharpe,1.685952921116422,1.5204520063792804,0.16550091473714157,0.16750615473141695,0.09827290334028803,-0.0264457022666818,0.35386473420685943,0.9565,2000,20,smart
sharpe,1.685952921116422,1.5204520063792804,0.16550091473714157,0.16501072647646156,0.09279232792603934,-0.020235099546988843,0.35229383709149664,0.9635,2000,40,smart
sharpe,1.5616001620624615,1.3964268824597723,0.16517327960268924,0.16782008755455263,0.1002342300488334,-0.026355172367430076,0.37461842677593415,0.9545,2000,10,base
sharpe,1.5616001620624615,1.3964268824597723,0.16517327960268924,0.16731605734723523,0.099968362240476,-0.027607168021404057,0.3586585111464321,0.9525,2000,20,base
sharpe,1.5616001620624615,1.3964268824597723,0.16517327960268924,0.1647613960154109,0.09424564131126174,-0.02344792921460422,0.3559562412744829,0.9615,2000,40,base
sharpe,1.430042853152593,1.265330179633677,0.16471267351891594,0.1673986477189623,0.10197153488499429,-0.02876274620464213,0.3772095629004703,0.95,2000,10,harsh
sharpe,1.430042853152593,1.265330179633677,0.16471267351891594,0.16699950132152416,0.10192593987273453,-0.029790154381072086,0.36146028532762686,0.9475,2000,20,harsh
sharpe,1.430042853152593,1.265330179633677,0.16471267351891594,0.164381880490243,0.09593400806468898,-0.030209334392817463,0.3613318060291485,0.957,2000,40,harsh
