{
  "mean_diff": 2.0397998375764122e-05,
  "ci95_low": -1.1848191898196753e-05,
  "ci95_high": 5.251149690461796e-05,
  "p_gt_0": 0.895,
  "n_obs": 15647,
  "block_len": 168,
  "n_resamples": 10000,
  "seed": 1505
}