scenario,model,total_score,return_term,mdd_penalty,sharpe_term,profit_factor_term,trade_count_term,reject_term,residual
smart,candidate,110.9136,98.2,-7.505999999999999,11.3176,5.402,3.5,0.0,0.0
base,candidate,93.22550000000001,83.17500000000001,-8.16,9.94,4.7705,3.5,0.0,0.0
harsh,candidate,74.96350000000001,68.025,-9.102,8.484,4.0565,3.5,0.0,0.0
smart,baseline,101.1604,92.125,-9.209999999999999,10.3944,4.351000000000001,3.5,0.0,0.0
base,baseline,83.5206,77.375,-10.26,9.0736,3.832,3.5,0.0,0.0
harsh,baseline,65.4203,62.474999999999994,-11.478,7.6808,3.2425000000000006,3.5,0.0,0.0
