scenario,model,total_score,return_term,mdd_penalty,sharpe_term,profit_factor_term,trade_count_term,reject_term,residual
smart,candidate,190.77249999999998,190.04999999999998,-22.74,13.488,4.974499999999999,5.0,0.0,0.0
base,candidate,168.24129999999997,169.89999999999998,-23.604000000000003,12.4928,4.452500000000001,5.0,0.0,0.0
harsh,candidate,144.964,149.625,-24.983999999999998,11.44,3.883,5.0,0.0,0.0
smart,baseline,167.899,169.875,-23.105999999999998,12.164,3.9659999999999993,5.0,0.0,0.0
base,baseline,145.7092,150.025,-24.023999999999997,11.1712,3.537,5.0,0.0,0.0
harsh,baseline,123.3249,130.1,-24.965999999999998,10.1224,3.0684999999999993,5.0,0.0,0.0
