{
  "scenario": "harsh",
  "candidate_trades": 186,
  "baseline_trades": 192,
  "matched_trades": 145,
  "candidate_only_trades": 41,
  "baseline_only_trades": 47,
  "match_rate": 0.77957,
  "matched_delta_pnl_mean": 342.734327,
  "matched_delta_pnl_median": 0.477448,
  "matched_delta_return_mean": 0.174416,
  "matched_delta_return_median": 0.0,
  "matched_win_rate_baseline": 0.427586,
  "matched_win_rate_candidate": 0.434483,
  "matched_win_rate_delta": 0.006897,
  "matched_p_positive": 0.503448,
  "matched_block_bootstrap_ci_lower": -1.2e-05,
  "matched_block_bootstrap_ci_upper": 5.3e-05,
  "matched_block_bootstrap_p_positive": 0.895,
  "candidate_fees_usd": 72869.550886,
  "baseline_fees_usd": 58985.535216,
  "delta_fees_usd": 13884.01567,
  "candidate_emergency_dd_share": 0.0,
  "baseline_emergency_dd_share": 0.0,
  "delta_emergency_dd_share_pp": 0.0,
  "candidate_buy_fills_per_episode": 6.310345,
  "baseline_buy_fills_per_episode": 6.821429,
  "delta_buy_fills_per_episode": -0.511084,
  "candidate_dd_episode_count": 29,
  "baseline_dd_episode_count": 28,
  "trade_level_bootstrap": {
    "mean_diff": 2.0397998375764122e-05,
    "ci95_low": -1.1848191898196753e-05,
    "ci95_high": 5.251149690461796e-05,
    "p_gt_0": 0.895,
    "n_obs": 15647,
    "block_len": 168,
    "n_resamples": 10000,
    "seed": 1505,
    "ci_crosses_zero": true,
    "small_improvement_threshold": 0.0002,
    "is_small_improvement": true,
    "all_blocks": [
      {
        "mean_diff": 2.0397998375764122e-05,
        "ci95_low": -1.0748886109069385e-05,
        "ci95_high": 5.277770443752327e-05,
        "p_gt_0": 0.8945,
        "n_obs": 15647,
        "block_len": 42,
        "n_resamples": 10000,
        "seed": 1379
      },
      {
        "mean_diff": 2.0397998375764122e-05,
        "ci95_low": -1.1325906127295148e-05,
        "ci95_high": 5.2539866449344435e-05,
        "p_gt_0": 0.8901,
        "n_obs": 15647,
        "block_len": 84,
        "n_resamples": 10000,
        "seed": 1421
      },
      {
        "mean_diff": 2.0397998375764122e-05,
        "ci95_low": -1.1848191898196753e-05,
        "ci95_high": 5.251149690461796e-05,
        "p_gt_0": 0.895,
        "n_obs": 15647,
        "block_len": 168,
        "n_resamples": 10000,
        "seed": 1505
      }
    ],
    "n_timestamps": 15647
  }
}