{
  "mean_diff": -0.000115775369972027,
  "ci95_low": -0.00019007253497703436,
  "ci95_high": -4.627836748941646e-05,
  "p_gt_0": 0.0002,
  "n_obs": 15647,
  "block_len": 168,
  "n_resamples": 10000,
  "seed": 1673
}