{
  "scenario": "harsh",
  "candidate_trades": 85,
  "baseline_trades": 98,
  "matched_trades": 73,
  "candidate_only_trades": 12,
  "baseline_only_trades": 25,
  "match_rate": 0.858824,
  "matched_delta_pnl_mean": -1083.665222,
  "matched_delta_pnl_median": 0.0,
  "matched_delta_return_mean": -1.53837,
  "matched_delta_return_median": -0.48696,
  "matched_win_rate_baseline": 0.506849,
  "matched_win_rate_candidate": 0.561644,
  "matched_win_rate_delta": 0.054795,
  "matched_p_positive": 0.479452,
  "matched_block_bootstrap_ci_lower": -0.00019,
  "matched_block_bootstrap_ci_upper": -4.6e-05,
  "matched_block_bootstrap_p_positive": 0.0002,
  "candidate_fees_usd": 1777.448107,
  "baseline_fees_usd": 13380.36326,
  "delta_fees_usd": -11602.915153,
  "candidate_emergency_dd_share": 0.235294,
  "baseline_emergency_dd_share": 0.336735,
  "delta_emergency_dd_share_pp": -10.144058,
  "candidate_buy_fills_per_episode": 36.6,
  "baseline_buy_fills_per_episode": 27.388889,
  "delta_buy_fills_per_episode": 9.211111,
  "candidate_dd_episode_count": 5,
  "baseline_dd_episode_count": 18,
  "trade_level_bootstrap": {
    "mean_diff": -0.000115775369972027,
    "ci95_low": -0.00019007253497703436,
    "ci95_high": -4.627836748941646e-05,
    "p_gt_0": 0.0002,
    "n_obs": 15647,
    "block_len": 168,
    "n_resamples": 10000,
    "seed": 1673,
    "ci_crosses_zero": false,
    "small_improvement_threshold": 0.0002,
    "is_small_improvement": true,
    "all_blocks": [
      {
        "mean_diff": -0.000115775369972027,
        "ci95_low": -0.0001834645937544872,
        "ci95_high": -5.0494072195821974e-05,
        "p_gt_0": 0.0002,
        "n_obs": 15647,
        "block_len": 42,
        "n_resamples": 10000,
        "seed": 1547
      },
      {
        "mean_diff": -0.000115775369972027,
        "ci95_low": -0.0001865007782831803,
        "ci95_high": -5.014085560091783e-05,
        "p_gt_0": 0.0002,
        "n_obs": 15647,
        "block_len": 84,
        "n_resamples": 10000,
        "seed": 1589
      },
      {
        "mean_diff": -0.000115775369972027,
        "ci95_low": -0.00019007253497703436,
        "ci95_high": -4.627836748941646e-05,
        "p_gt_0": 0.0002,
        "n_obs": 15647,
        "block_len": 168,
        "n_resamples": 10000,
        "seed": 1673
      }
    ],
    "n_timestamps": 15647
  }
}