family,policy,sharpe,cagr,mdd,bar_count,exposure,trades,positive_folds_vs_A
baseline_A,entry_winner + base_exit,1.3740835418443518,0.42715613356832627,-0.2733669220869339,10224.0,0.3765649452269171,104,0.0
baseline_B,entry_vdo_only + base_exit,1.130759799972208,0.3503025443385248,-0.37093930671517295,10224.0,0.40923317683881066,118,
best_price_no_timestop,trail2.4 close current + trend ema30_120 + cooldown6 + confirm1,1.458706999282155,0.43235126948987723,-0.249977039777466,,,114,4.0
best_price_with_timestop,winner_p1,1.804351689756462,0.5680134276168118,-0.26018298058238953,,,124,4.0
best_volume_continuation,vdo_gt0 oneshot H16 trend none cooldown6 trail2.7,1.530628841584209,0.47512377093725067,-0.2453362558305826,,,95,4.0
best_always_on_volume_exit,ema28_imbalance_ratio_base > 0 + trail2.7 none cd6,1.4493620415248958,0.3125290018945621,-0.1845083035608781,,,181,3.0
best_coarse_robust_price,trail2.4 close current none cd3 conf1 time60,1.5582418741930268,0.4745711471900289,-0.24725995119121136,,,122,4.0
runner_up_simple,trail3.0 close lagged none cd3 conf1 time36,1.758763073383833,0.5493838289136601,-0.2733669220869326,,,128,4.0
