block,median_sharpe,q05_sharpe,q95_sharpe,p_sharpe_gt0,median_cagr,median_mdd
5,1.4111181930681798,0.31027644629017515,2.4930684997057373,0.98,0.3859044590736055,-0.18739758329691253
10,1.3959066626824668,0.2291340328917057,2.4285961783165995,0.9741666666666666,0.38271857019633915,-0.17645900849735513
20,1.3864634388458643,0.17558605032599686,2.3870336090066684,0.9666666666666667,0.3759163737498509,-0.17759116941921455
