year,d1_ret_60_q50_trailing1095d,h4_trendq_84_entry_q60_expanding,h4_trendq_84_hold_q50_expanding
2020,0.017331177924108765,0.4431803227111183,0.18469316834273913
2021,0.11793947047366271,0.5944889964511677,0.373152559301904
2022,0.166431656916032,0.530317126363086,0.2734893615913331
2023,0.028800968777088487,0.39566761025783564,0.12104510849670166
2024,0.03833606476801399,0.4154264628390495,0.15015314698856913
2025,0.013723269349833478,0.4302275569724437,0.15890950056860778
2026,0.07933136207917046,0.38985670664013494,0.12649937612416443
