block,median_delta_sharpe,p_delta_sharpe_gt0,median_delta_cagr,p_delta_cagr_gt0,median_delta_mdd,p_delta_mdd_lt0
5,0.7984375172347318,0.9841666666666666,0.24259538526544977,0.9825,0.07177485409714479,0.105
10,0.7981948769211374,0.9908333333333333,0.24334965337922743,0.9883333333333333,0.08868328342376197,0.06333333333333334
20,0.7712957012517624,0.9941666666666666,0.2319267684471183,0.9925,0.09592136481982605,0.0375
