block,median_delta_sharpe,p_delta_sharpe_gt0,median_delta_cagr,p_delta_cagr_gt0,median_delta_mdd,p_delta_mdd_lt0
5,0.4701430686335182,0.8791666666666667,0.10189787680173934,0.7391666666666666,0.10107614939439796,0.0575
10,0.47869448733344255,0.8983333333333333,0.10177750351194803,0.77,0.10805779390180414,0.050833333333333335
20,0.44966131153215344,0.8966666666666666,0.09762734656882022,0.7675,0.10965874361960326,0.03666666666666667
