metric_name,observed_a,observed_b,observed_delta,mean_delta,std_delta,ci_lower,ci_upper,p_a_better,n_bootstrap,block_size,scenario
sharpe,1.3726419928218099,1.3726419928218099,0.0,0.0,0.0,0.0,0.0,0.0,2000,10,smart
sharpe,1.3726419928218099,1.3726419928218099,0.0,0.0,0.0,0.0,0.0,0.0,2000,20,smart
sharpe,1.3726419928218099,1.3726419928218099,0.0,0.0,0.0,0.0,0.0,0.0,2000,40,smart
sharpe,1.306983068359349,1.306983068359349,0.0,0.0,0.0,0.0,0.0,0.0,2000,10,base
sharpe,1.306983068359349,1.306983068359349,0.0,0.0,0.0,0.0,0.0,0.0,2000,20,base
sharpe,1.306983068359349,1.306983068359349,0.0,0.0,0.0,0.0,0.0,0.0,2000,40,base
sharpe,1.1872187932623788,1.1872187932623788,0.0,0.0,0.0,0.0,0.0,0.0,2000,10,harsh
sharpe,1.1872187932623788,1.1872187932623788,0.0,0.0,0.0,0.0,0.0,0.0,2000,20,harsh
sharpe,1.1872187932623788,1.1872187932623788,0.0,0.0,0.0,0.0,0.0,0.0,2000,40,harsh
