scenario,model,total_score,return_term,mdd_penalty,sharpe_term,profit_factor_term,trade_count_term,reject_term,residual
smart,candidate,126.82910000000001,113.275,-7.763999999999999,12.1616,5.4565,3.7,0.0,0.0
base,candidate,107.0887,96.7,-8.514,10.7672,4.4355,3.7,0.0,0.0
harsh,candidate,87.14189999999999,80.02499999999999,-9.372,9.2944,3.4945000000000004,3.7,0.0,0.0
smart,baseline,120.2939,109.55,-9.209999999999999,11.7024,4.6514999999999995,3.5999999999999996,0.0,0.0
base,baseline,101.07600000000001,93.575,-10.26,10.364,3.7970000000000006,3.5999999999999996,0.0,0.0
harsh,baseline,81.55919999999999,77.475,-11.478,8.9512,3.011,3.5999999999999996,0.0,0.0
