scenario,model,total_score,return_term,mdd_penalty,sharpe_term,profit_factor_term,trade_count_term,reject_term,residual
smart,candidate,197.4331,195.35,-21.432,13.6976,4.8175,5.0,0.0,0.0
base,candidate,173.918,174.725,-22.5,12.696,3.9970000000000008,5.0,0.0,0.0
harsh,candidate,149.3135,154.0,-24.581999999999997,11.636,3.2594999999999996,5.0,0.0,0.0
smart,baseline,167.7425,169.875,-23.105999999999998,12.164,3.8095,5.0,0.0,0.0
base,baseline,145.30870000000002,150.025,-24.023999999999997,11.1712,3.1365,5.0,0.0,0.0
harsh,baseline,122.7849,130.1,-24.965999999999998,10.1224,2.5285,5.0,0.0,0.0
