{
  "strategy": "LATCH",
  "n_trades": 65,
  "t1_n_trades": 65,
  "t1_n_wins": 27,
  "t1_n_losses": 38,
  "t1_win_rate_pct": 41.53846153846154,
  "t1_avg_win_pct": 18.802092370370367,
  "t1_avg_loss_pct": -5.1635949736842095,
  "t1_avg_wl_ratio": 3.641279470251543,
  "t1_profit_factor": 2.712610591509918,
  "t1_expectancy_pct": 4.791382846153846,
  "t2_max_win_streak": 4,
  "t2_max_loss_streak": 8,
  "t2_avg_win_streak": 1.588235294117647,
  "t2_avg_loss_streak": 2.235294117647059,
  "t2_median_win_streak": 1.0,
  "t2_median_loss_streak": 2.0,
  "t2_n_win_streaks": 17,
  "t2_n_loss_streaks": 17,
  "t3_mean_days": 14.402564061538463,
  "t3_median_days": 9.833333,
  "t3_min_days": 1.833333,
  "t3_max_days": 86.5,
  "t3_std_days": 13.51817051004872,
  "t3_p10_days": 3.8000002,
  "t3_p25_days": 5.666667,
  "t3_p75_days": 17.333333,
  "t3_p90_days": 29.000000000000004,
  "t4_mfe_mean": 16.081134206777897,
  "t4_mfe_median": 7.124282591054746,
  "t4_mfe_p90": 40.29874797086133,
  "t4_mae_mean": 5.550379808872185,
  "t4_mae_median": 4.179826164316968,
  "t4_mae_p90": 11.963653546171575,
  "t4_edge_ratio_mean": 17.60975669392703,
  "t4_edge_ratio_median": 1.5258364069919326,
  "t4_mfe_mae_corr": -0.29300434199032244,
  "t5_exit_floor_exit_n_trades": 65,
  "t5_exit_floor_exit_pct_of_total": 100.0,
  "t5_exit_floor_exit_win_rate_pct": 41.53846153846154,
  "t5_exit_floor_exit_avg_return_pct": 4.791382846153846,
  "t5_exit_floor_exit_median_return_pct": -1.991546,
  "t5_exit_floor_exit_total_pnl_usd": 14197.254853999999,
  "t5_exit_floor_exit_avg_days_held": 14.402564061538463,
  "t6_top_1_pnl_usd": 2600.244155,
  "t6_top_1_pnl_pct_of_total": 18.315119237768666,
  "t6_bottom_1_pnl_usd": -552.635575,
  "t6_top_1_abs_pct": 8.448682246153066,
  "t6_top_3_pnl_usd": 7678.536109,
  "t6_top_3_pnl_pct_of_total": 54.084653603556426,
  "t6_bottom_3_pnl_usd": -1316.944506,
  "t6_top_3_abs_pct": 24.94900779829021,
  "t6_top_5_pnl_usd": 11571.239068,
  "t6_top_5_pnl_pct_of_total": 81.50335531055052,
  "t6_bottom_5_pnl_usd": -2041.677194,
  "t6_top_5_abs_pct": 37.59713175080836,
  "t6_top_10_pnl_usd": 17385.181821000002,
  "t6_top_10_pnl_pct_of_total": 122.45453082151174,
  "t6_bottom_10_pnl_usd": -3655.1385440000004,
  "t6_top_10_abs_pct": 56.48772509104082,
  "t6_herfindahl_index": 0.041045088800856014,
  "t6_effective_n_trades": 24.363450761474404,
  "t6_gini_coefficient": 0.5423263383801891,
  "t7_base_sharpe": 0.8245382231849482,
  "t7_base_cagr_pct": 14.562092695297203,
  "t7_base_total_pnl": 14197.254853999999,
  "t7_drop_top1_sharpe": 0.730943879367076,
  "t7_drop_top1_cagr_pct": 12.575834742510338,
  "t7_drop_top1_pnl": 11597.010698999999,
  "t7_drop_top1_sharpe_delta_pct": -11.35112250543641,
  "t7_drop_top1_cagr_delta_pct": -13.639921090656983,
  "t7_drop_top3_sharpe": 0.5166555942881481,
  "t7_drop_top3_cagr_pct": 8.027624065282769,
  "t7_drop_top3_pnl": 6518.718744999999,
  "t7_drop_top3_sharpe_delta_pct": -37.34000683528535,
  "t7_drop_top3_cagr_delta_pct": -44.87314266392994,
  "t7_drop_top5_sharpe": 0.14659044624474482,
  "t7_drop_top5_cagr_pct": 3.6524173601667487,
  "t7_drop_top5_pnl": 2626.015786,
  "t7_drop_top5_sharpe_delta_pct": -82.22150991636154,
  "t7_drop_top5_cagr_delta_pct": -74.91832089939732,
  "t7_drop_top10_sharpe": -0.5057555993394237,
  "t7_drop_top10_cagr_pct": -5.734958982850113,
  "t7_drop_top10_pnl": -3187.926967,
  "t7_drop_top10_sharpe_delta_pct": -161.33804172059348,
  "t7_drop_top10_cagr_delta_pct": -139.3827941000692,
  "t7_drop_bot1_sharpe": 0.8576124404942639,
  "t7_drop_bot1_cagr_pct": 14.960788916809431,
  "t7_drop_bot1_pnl": 14749.890429000001,
  "t7_drop_bot3_sharpe": 0.8930295729230655,
  "t7_drop_bot3_cagr_pct": 15.499961014517204,
  "t7_drop_bot3_pnl": 15514.199359999999,
  "t7_drop_bot5_sharpe": 0.9761463898415782,
  "t7_drop_bot5_cagr_pct": 15.998735385504336,
  "t7_drop_bot5_pnl": 16238.932048,
  "t7_drop_bot10_sharpe": 1.0760013549573777,
  "t7_drop_bot10_cagr_pct": 17.068590040841293,
  "t7_drop_bot10_pnl": 17852.393398,
  "t8_skew": 2.5141857439447524,
  "t8_excess_kurtosis": 7.523434699692421,
  "t8_jarque_bera_stat": 193.0157946354161,
  "t8_jarque_bera_p": 1.2222294242853093e-42,
  "t8_dagostino_stat": 51.88127618970814,
  "t8_dagostino_p": 5.421556878037604e-12,
  "t8_p1": -15.82376744,
  "t8_p5": -10.0830486,
  "t8_p95": 43.79046919999996,
  "t8_p99": 71.75666351999999,
  "t8_range_p1_p99": 87.58043095999999,
  "t8_tail_ratio_95_5": 4.342979086702008,
  "t8_mean_return_pct": 4.791382846153846,
  "t8_std_return_pct": 18.375961853144673
}