scenario,model,total_score,return_term,mdd_penalty,sharpe_term,profit_factor_term,trade_count_term,reject_term,residual
smart,candidate,62.41839999999999,43.724999999999994,-8.112,12.5184,9.287,5.0,0.0,0.0
base,candidate,59.239,41.925,-8.538,12.056,8.796,5.0,0.0,0.0
harsh,candidate,55.699600000000004,40.0,-9.054,11.5496,8.204,5.0,0.0,0.0
smart,baseline,167.899,169.875,-23.105999999999998,12.164,3.9659999999999993,5.0,0.0,0.0
base,baseline,145.7092,150.025,-24.023999999999997,11.1712,3.537,5.0,0.0,0.0
harsh,baseline,123.3249,130.1,-24.965999999999998,10.1224,3.0684999999999993,5.0,0.0,0.0
