{
  "config": {
    "f_base": 0.3,
    "f_min": 0.1,
    "f_max": 0.5,
    "l2_alpha": 1.0,
    "beta_grid": [
      0.25,
      0.5,
      0.75,
      1.0
    ],
    "n_boot": 500,
    "seed": 42
  },
  "t_minus_1": {
    "n_trades": 202,
    "ic_full": 0.07697963385045217,
    "ic_p": 0.27619220124223887,
    "cv_ic": -0.13449053498968416,
    "per_feature_ic": {
      "vdo_value": {
        "ic": 0.08416605942632349,
        "p": 0.23368685760964625
      },
      "ema_spread": {
        "ic": -0.08165750771092106,
        "p": 0.2479678513963827
      },
      "atr_pctl": {
        "ic": -0.013877223313049662,
        "p": 0.8445961923041828
      },
      "d1_regime_str": {
        "ic": -0.016162911784629527,
        "p": 0.8194072210114259
      }
    },
    "top_2_indices": [
      0,
      1
    ],
    "top_2_names": [
      "vdo_value",
      "ema_spread"
    ],
    "abort": true
  },
  "verdict": "CLOSE",
  "verdict_reason": "ABORT: CV IC = -0.1345 < 0.05",
  "gates": {
    "ABORT": true
  },
  "elapsed_s": 2.2
}