{
  "baseline": {
    "entry_delay": 0,
    "exit_delay": 0,
    "n_miss": 0,
    "n_trades": 192,
    "native_terminal": 228479.78640491213,
    "sharpe": 1.137891990982726,
    "cagr_native": 0.6182793979994246,
    "mdd_native": 0.3130496482067598,
    "delta_sharpe": 0.0,
    "delta_cagr_native": 0.0,
    "delta_mdd_native": 0.0,
    "suppressed_entries": 0
  },
  "entry_only_D1": {
    "entry_delay": 1,
    "exit_delay": 0,
    "n_miss": 0,
    "n_trades": 189,
    "native_terminal": 200668.8437347048,
    "sharpe": 1.1064978861611656,
    "cagr_native": 0.5862861431087576,
    "mdd_native": 0.3196430324350512,
    "delta_sharpe": -0.031394104821560465,
    "delta_cagr_native": -0.031993254890666956,
    "delta_mdd_native": 0.006593384228291421,
    "suppressed_entries": 0
  },
  "entry_only_D2": {
    "entry_delay": 2,
    "exit_delay": 0,
    "n_miss": 0,
    "n_trades": 173,
    "native_terminal": 108996.54465097543,
    "sharpe": 0.9377808779869472,
    "cagr_native": 0.44411559687640945,
    "mdd_native": 0.34877826677453216,
    "delta_sharpe": -0.20011111299577888,
    "delta_cagr_native": -0.1741638011230151,
    "delta_mdd_native": 0.035728618567772374,
    "suppressed_entries": 0
  },
  "exit_only_D1": {
    "entry_delay": 0,
    "exit_delay": 1,
    "n_miss": 0,
    "n_trades": 191,
    "native_terminal": 116866.44991335677,
    "sharpe": 0.969574270533182,
    "cagr_native": 0.4596877964231174,
    "mdd_native": 0.38551477940305595,
    "delta_sharpe": -0.16831772044954407,
    "delta_cagr_native": -0.15859160157630714,
    "delta_mdd_native": 0.07246513119629616,
    "suppressed_entries": 0
  },
  "exit_only_D2": {
    "entry_delay": 0,
    "exit_delay": 2,
    "n_miss": 0,
    "n_trades": 188,
    "native_terminal": 140221.59072337011,
    "sharpe": 1.046982807364612,
    "cagr_native": 0.5011810031019865,
    "mdd_native": 0.43568335978342104,
    "delta_sharpe": -0.09090918361811418,
    "delta_cagr_native": -0.11709839489743801,
    "delta_mdd_native": 0.12263371157666125,
    "suppressed_entries": 0
  },
  "entry_D1_exit_D1": {
    "entry_delay": 1,
    "exit_delay": 1,
    "n_miss": 0,
    "n_trades": 186,
    "native_terminal": 118409.56337741375,
    "sharpe": 0.9774871252115109,
    "cagr_native": 0.46263656948652976,
    "mdd_native": 0.3959214876284591,
    "delta_sharpe": -0.16040486577121515,
    "delta_cagr_native": -0.1556428285128948,
    "delta_mdd_native": 0.08287183942169929,
    "suppressed_entries": 0
  },
  "entry_D1_exit_D2": {
    "entry_delay": 1,
    "exit_delay": 2,
    "n_miss": 0,
    "n_trades": 186,
    "native_terminal": 120780.49249467268,
    "sharpe": 1.00794669536721,
    "cagr_native": 0.4671044877377095,
    "mdd_native": 0.4515426730715405,
    "delta_sharpe": -0.12994529561551604,
    "delta_cagr_native": -0.15117491026171503,
    "delta_mdd_native": 0.1384930248647807,
    "suppressed_entries": 0
  },
  "entry_D2_exit_D1": {
    "entry_delay": 2,
    "exit_delay": 1,
    "n_miss": 0,
    "n_trades": 172,
    "native_terminal": 67267.77495631448,
    "sharpe": 0.815893445977667,
    "cagr_native": 0.3407720028071688,
    "mdd_native": 0.39796684997741644,
    "delta_sharpe": -0.3219985450050591,
    "delta_cagr_native": -0.27750739519225576,
    "delta_mdd_native": 0.08491720177065665,
    "suppressed_entries": 0
  },
  "entry_D2_exit_D2": {
    "entry_delay": 2,
    "exit_delay": 2,
    "n_miss": 0,
    "n_trades": 170,
    "native_terminal": 70864.49990131875,
    "sharpe": 0.851204150649588,
    "cagr_native": 0.35155955978920783,
    "mdd_native": 0.44629922704876657,
    "delta_sharpe": -0.2866878403331381,
    "delta_cagr_native": -0.2667198382102167,
    "delta_mdd_native": 0.13324957884200678,
    "suppressed_entries": 0
  },
  "entry_D4_exit_D2": {
    "entry_delay": 4,
    "exit_delay": 2,
    "n_miss": 0,
    "n_trades": 160,
    "native_terminal": 53186.892964835424,
    "sharpe": 0.7725888285788439,
    "cagr_native": 0.2931897371076231,
    "mdd_native": 0.47486229553906895,
    "delta_sharpe": -0.36530316240388216,
    "delta_cagr_native": -0.32508966089180147,
    "delta_mdd_native": 0.16181264733230916,
    "suppressed_entries": 0
  },
  "full_LT2_sim": {
    "entry_delay": 2,
    "exit_delay": 1,
    "n_miss": 1,
    "n_trades": 172,
    "native_terminal": 67267.77495631448,
    "sharpe": 0.815893445977667,
    "cagr_native": 0.3407720028071688,
    "mdd_native": 0.39796684997741644,
    "delta_sharpe": -0.3219985450050591,
    "delta_cagr_native": -0.27750739519225576,
    "delta_mdd_native": 0.08491720177065665,
    "suppressed_entries": 0
  }
}