{
  "LT1": {
    "n_draws": 1000,
    "sharpe_mean": 1.1083820911022257,
    "sharpe_std": 0.02467692509067518,
    "sharpe_p5": 1.067176475328667,
    "sharpe_p50": 1.1097905933538748,
    "sharpe_p95": 1.147025303504133,
    "cagr_mean": 0.5891571726838964,
    "cagr_p5": 0.5488566112289537,
    "cagr_p50": 0.5893252616015714,
    "mdd_mean": 0.3259875380475663,
    "mdd_p95": 0.35464453523240047,
    "delta_sharpe_mean": -0.029509899880500432,
    "delta_sharpe_p5": -0.07071551565405915,
    "delta_sharpe_p95": 0.00913331252140684,
    "delta_cagr_p5": -0.06942278677047084,
    "delta_mdd_p95": -0.06145546476759957,
    "p_cagr_le_0": 0.0,
    "p_sharpe_positive": 1.0,
    "n_trades_mean": 191.056,
    "suppressed_mean": 6.04,
    "baseline_sharpe": 1.137891990982726,
    "baseline_cagr": 0.6182793979994246,
    "baseline_mdd": 0.4161
  },
  "LT2": {
    "n_draws": 1000,
    "sharpe_mean": 0.9793449696393569,
    "sharpe_std": 0.0446963767944531,
    "sharpe_p5": 0.9046514773094181,
    "sharpe_p50": 0.9804095649932519,
    "sharpe_p95": 1.051419791089273,
    "cagr_mean": 0.4658389671945737,
    "cagr_p5": 0.40016777247053364,
    "cagr_p50": 0.46635129010686827,
    "mdd_mean": 0.4156653343875121,
    "mdd_p95": 0.46925348947788337,
    "delta_sharpe_mean": -0.15854702134336918,
    "delta_sharpe_p5": -0.23324051367330803,
    "delta_sharpe_p95": -0.08647219989345292,
    "delta_cagr_p5": -0.2181116255288909,
    "delta_mdd_p95": 0.05315348947788333,
    "p_cagr_le_0": 0.0,
    "p_sharpe_positive": 1.0,
    "n_trades_mean": 184.221,
    "suppressed_mean": 15.435,
    "baseline_sharpe": 1.137891990982726,
    "baseline_cagr": 0.6182793979994246,
    "baseline_mdd": 0.4161
  },
  "LT3": {
    "n_draws": 1000,
    "sharpe_mean": 0.7940247838810165,
    "sharpe_std": 0.06806192001060583,
    "sharpe_p5": 0.6785265103976618,
    "sharpe_p50": 0.7953128156867498,
    "sharpe_p95": 0.9026503573010919,
    "cagr_mean": 0.3091223208495993,
    "cagr_p5": 0.22991358765746348,
    "cagr_p50": 0.30806169262363514,
    "mdd_mean": 0.45488320949210403,
    "mdd_p95": 0.5509727435484505,
    "delta_sharpe_mean": -0.3438672071017096,
    "delta_sharpe_p5": -0.4593654805850643,
    "delta_sharpe_p95": -0.23524163368163425,
    "delta_cagr_p5": -0.38836581034196105,
    "delta_mdd_p95": 0.13487274354845044,
    "p_cagr_le_0": 0.0,
    "p_sharpe_positive": 1.0,
    "n_trades_mean": 160.242,
    "suppressed_mean": 0.0,
    "baseline_sharpe": 1.137891990982726,
    "baseline_cagr": 0.6182793979994246,
    "baseline_mdd": 0.4161
  }
}