{
  "bear_stats": {
    "n_bars_post_warmup": 15648,
    "n_off": 7122,
    "pct_off": 45.513803680981596,
    "n_windows": 140,
    "window_len_mean": 50.871428571428574,
    "window_len_median": 30.0,
    "window_ret_mean": 0.2512536586363271,
    "window_ret_median": 1.5387579027939524,
    "pct_negative_windows": 24.285714285714285,
    "off_bar_drift_ann_pct": 21.09603995512502
  },
  "short_factorial": {
    "no_fund": {
      "smart": {
        "sharpe": -0.13798007285323208,
        "cagr": -10.16801029964347,
        "mdd": 79.23015540988538,
        "calmar": -0.12833510482266236,
        "trades": 238
      },
      "base": {
        "sharpe": -0.28487574107392144,
        "cagr": -14.625016522203483,
        "mdd": 84.55117939475416,
        "calmar": -0.17297235386773172,
        "trades": 238
      },
      "harsh": {
        "sharpe": -0.43942119709399713,
        "cagr": -19.090026992711838,
        "mdd": 88.69649421153282,
        "calmar": -0.2152286532000229,
        "trades": 238
      }
    },
    "fund_1bps": {
      "smart": {
        "sharpe": -0.35405034816587566,
        "cagr": -16.668081885891873,
        "mdd": 86.25813168973964,
        "calmar": -0.19323490503880844,
        "trades": 238
      },
      "base": {
        "sharpe": -0.5007258878569154,
        "cagr": -20.80781045997596,
        "mdd": 89.78241342911839,
        "calmar": -0.23175819924247587,
        "trades": 238
      },
      "harsh": {
        "sharpe": -0.6549503174495392,
        "cagr": -24.954702025204647,
        "mdd": 92.52695766119713,
        "calmar": -0.2697019620658062,
        "trades": 238
      }
    }
  },
  "short_timescale": {
    "30": {
      "sharpe": -0.7216331782076131,
      "cagr": -25.768644170316346,
      "mdd": 92.54260683418097,
      "calmar": -0.27845167811718263,
      "trades": 262
    },
    "48": {
      "sharpe": -0.7580076135424819,
      "cagr": -27.461646093645477,
      "mdd": 93.92268526703435,
      "calmar": -0.2923856575817489,
      "trades": 252
    },
    "60": {
      "sharpe": -0.7884450568677434,
      "cagr": -28.742822819553037,
      "mdd": 94.70064782581957,
      "calmar": -0.3035124202362265,
      "trades": 249
    },
    "72": {
      "sharpe": -0.6715960212760458,
      "cagr": -25.973526874837994,
      "mdd": 93.58915292036296,
      "calmar": -0.2775271071952049,
      "trades": 242
    },
    "84": {
      "sharpe": -0.6545030652917238,
      "cagr": -25.648036380258254,
      "mdd": 93.28421178768404,
      "calmar": -0.2749450940169113,
      "trades": 239
    },
    "96": {
      "sharpe": -0.6654973022169237,
      "cagr": -25.714459295215953,
      "mdd": 93.05317676756705,
      "calmar": -0.2763415520938832,
      "trades": 239
    },
    "108": {
      "sharpe": -0.6423581481304798,
      "cagr": -24.950352018914725,
      "mdd": 92.66001433506766,
      "calmar": -0.2692677332068158,
      "trades": 239
    },
    "120": {
      "sharpe": -0.6549503174495392,
      "cagr": -24.954702025204647,
      "mdd": 92.52695766119713,
      "calmar": -0.2697019620658062,
      "trades": 238
    },
    "144": {
      "sharpe": -0.5238836878194891,
      "cagr": -21.06116308659558,
      "mdd": 88.46544858469605,
      "calmar": -0.2380721900305723,
      "trades": 228
    },
    "168": {
      "sharpe": -0.6306421593763355,
      "cagr": -23.53151340556864,
      "mdd": 90.06277575842445,
      "calmar": -0.26127901574660833,
      "trades": 224
    },
    "200": {
      "sharpe": -0.5644165779227875,
      "cagr": -21.368796424944346,
      "mdd": 89.88880465439681,
      "calmar": -0.23772478126839922,
      "trades": 216
    },
    "240": {
      "sharpe": -0.6511421040428444,
      "cagr": -23.43985955616471,
      "mdd": 91.42228202990566,
      "calmar": -0.25639110111577795,
      "trades": 212
    },
    "300": {
      "sharpe": -0.6826268885991926,
      "cagr": -23.35721180500485,
      "mdd": 91.03804544461339,
      "calmar": -0.25656539187470956,
      "trades": 201
    },
    "360": {
      "sharpe": -0.5832447334913075,
      "cagr": -20.372042558486967,
      "mdd": 89.16046105921245,
      "calmar": -0.22848740704646725,
      "trades": 192
    },
    "500": {
      "sharpe": -0.6673021094134822,
      "cagr": -21.583911004346678,
      "mdd": 87.62576240940784,
      "calmar": -0.24631923775455045,
      "trades": 168
    },
    "720": {
      "sharpe": -0.6355890270508053,
      "cagr": -18.438503436952747,
      "mdd": 80.46925328989654,
      "calmar": -0.2291372503548237,
      "trades": 153
    }
  },
  "combined_vs_long": {
    "long_smart": {
      "sharpe": 1.7225777076648547,
      "cagr": 78.82991953767184,
      "mdd": 35.62930776806014,
      "calmar": 2.2125021359056225,
      "trades": 202
    },
    "combined_smart": {
      "sharpe": 1.557216326848018,
      "cagr": 59.896885980965095,
      "mdd": 33.41685056518078,
      "calmar": 1.792415651622646,
      "trades": 440,
      "nt_long": 202,
      "nt_short": 238
    },
    "long_base": {
      "sharpe": 1.5993803155857962,
      "cagr": 70.68086818109245,
      "mdd": 37.55691472643385,
      "calmar": 1.8819668414174824,
      "trades": 202
    },
    "combined_base": {
      "sharpe": 1.4248660576956627,
      "cagr": 53.025173255663404,
      "mdd": 36.88911362881966,
      "calmar": 1.4374206382187897,
      "trades": 440,
      "nt_long": 202,
      "nt_short": 238
    },
    "long_harsh": {
      "sharpe": 1.469036076601517,
      "cagr": 62.4815849733863,
      "mdd": 40.90447064321874,
      "calmar": 1.5275001482935626,
      "trades": 202
    },
    "combined_harsh": {
      "sharpe": 1.2853796887729205,
      "cagr": 46.08517833947623,
      "mdd": 40.352162475553946,
      "calmar": 1.1420745633494969,
      "trades": 440,
      "nt_long": 202,
      "nt_short": 238
    }
  },
  "bootstrap": {
    "long": {
      "sharpe_median": 0.572066795222211,
      "sharpe_p5": -0.1320458192462857,
      "sharpe_p95": 1.2577161765310974,
      "cagr_median": 13.986627557401166,
      "cagr_p5": -8.606644859179774,
      "cagr_p95": 46.374887638551584,
      "mdd_median": 52.1958198150775,
      "mdd_p5": 35.19168005723753,
      "mdd_p95": 74.98486766892776,
      "p_cagr_gt0": 0.844,
      "p_sharpe_gt0": 0.918
    },
    "combined": {
      "sharpe_median": 0.2958902489696864,
      "sharpe_p5": -0.5814249150254642,
      "sharpe_p95": 1.0562907052411155,
      "cagr_median": 4.297775827273032,
      "cagr_p5": -13.788422320769998,
      "cagr_p95": 31.70759797723163,
      "mdd_median": 50.35123075872925,
      "mdd_p5": 33.29417071745125,
      "mdd_p95": 75.57791311030425,
      "p_cagr_gt0": 0.63,
      "p_sharpe_gt0": 0.724
    },
    "h2h": {
      "sharpe_win_pct": 0.0,
      "sharpe_mean_delta": -0.29056233159342354,
      "cagr_win_pct": 0.4,
      "cagr_mean_delta": -9.884775593528033,
      "mdd_win_pct": 63.6,
      "mdd_mean_delta": -0.9408212647635074
    }
  },
  "correlation": {
    "pearson_rho": 0.0006036090504641655,
    "pearson_p": 0.9452356814657947,
    "spearman_rho": 0.0016097211998763541,
    "spearman_p": 0.8546514389203407,
    "n_both_active": 11,
    "rho_both_active": 0.06875136937313213,
    "n_only_long": 7140,
    "n_only_short": 5802,
    "rolling_rho_mean": 0.001475316095047497,
    "rolling_rho_median": 0.00011229736553926655
  },
  "funding_sweep": {
    "0.0": {
      "sharpe": -0.43942119709399713,
      "cagr": -19.090026992711838,
      "mdd": 88.69649421153282,
      "calmar": -0.2152286532000229,
      "trades": 238,
      "fund_ann_pct": 0.0
    },
    "0.25": {
      "sharpe": -0.4932966758659908,
      "cagr": -20.59543888248323,
      "mdd": 89.8057531215139,
      "calmar": -0.22933317929660987,
      "trades": 238,
      "fund_ann_pct": 5.47875
    },
    "0.5": {
      "sharpe": -0.5471769516806477,
      "cagr": -22.074397622933606,
      "mdd": 90.80715489972665,
      "calmar": -0.24309095078806453,
      "trades": 238,