{
  "miss_k1_sharpe_cv": 0.0032403933890127194,
  "miss_k1_sharpe_p5": 1.223120353095641,
  "miss_k1_sharpe_mean": 1.2296542214262096,
  "miss_k3_sharpe_p5": 1.2171993234156995,
  "outage_168h_sharpe_worst": 1.1604192062982288,
  "outage_168h_sharpe_p5": 1.2044382850404152,
  "delay_1_delta_sharpe": -0.05156342800920233,
  "delay_4_delta_sharpe": -0.4534264258663615,
  "baseline_sharpe": 1.229858244767157,
  "baseline_cagr_native": 0.672325892282476
}