{
  "1": {
    "n_draws": 2000,
    "n_entries": 207,
    "sharpe_mean": 1.2296542214262096,
    "sharpe_std": 0.003985224525766283,
    "sharpe_p5": 1.223120353095641,
    "sharpe_p50": 1.2298510524057573,
    "sharpe_p95": 1.237466121282829,
    "cagr_native_mean": 0.6720155653804644,
    "cagr_native_p5": 0.6656569553326632,
    "cagr_unit_mean": 0.8007118965189547,
    "cagr_unit_p5": 0.7938655424768157,
    "n_trades_mean": 206.923,
    "n_trades_min": 206,
    "n_trades_max": 207,
    "pct_sharpe_positive": 100.0,
    "pct_cagr_native_positive": 100.0,
    "baseline_sharpe": 1.229858244767157,
    "baseline_cagr_native": 0.672325892282476
  },
  "2": {
    "n_draws": 2000,
    "n_entries": 207,
    "sharpe_mean": 1.2293540201140631,
    "sharpe_std": 0.005571011750262155,
    "sharpe_p5": 1.2193367738463343,
    "sharpe_p50": 1.229580148944639,
    "sharpe_p95": 1.2390843290573978,
    "cagr_native_mean": 0.6717339701839546,
    "cagr_native_p5": 0.6623486713598992,
    "cagr_unit_mean": 0.800358376802293,
    "cagr_unit_p5": 0.7900358255335972,
    "n_trades_mean": 206.8505,
    "n_trades_min": 205,
    "n_trades_max": 207,
    "pct_sharpe_positive": 100.0,
    "pct_cagr_native_positive": 100.0,
    "baseline_sharpe": 1.229858244767157,
    "baseline_cagr_native": 0.672325892282476
  },
  "3": {
    "n_draws": 2000,
    "n_entries": 207,
    "sharpe_mean": 1.2289360998364118,
    "sharpe_std": 0.006493737929030589,
    "sharpe_p5": 1.2171993234156995,
    "sharpe_p50": 1.2291931469798647,
    "sharpe_p95": 1.240010206213071,
    "cagr_native_mean": 0.6712696790726969,
    "cagr_native_p5": 0.6602687956588602,
    "cagr_unit_mean": 0.7998399067633432,
    "cagr_unit_p5": 0.7876444999689779,
    "n_trades_mean": 206.8095,
    "n_trades_min": 205,
    "n_trades_max": 207,
    "pct_sharpe_positive": 100.0,
    "pct_cagr_native_positive": 100.0,
    "baseline_sharpe": 1.229858244767157,
    "baseline_cagr_native": 0.672325892282476
  }
}