{
  "mean_diff": -0.00010087689614744522,
  "ci95_low": -0.00016542414033700442,
  "ci95_high": -4.127748558980503e-05,
  "p_gt_0": 0.0003,
  "n_obs": 15647,
  "block_len": 168,
  "n_resamples": 10000,
  "seed": 1673
}