{
  "scenario": "harsh",
  "candidate_trades": 86,
  "baseline_trades": 98,
  "matched_trades": 74,
  "candidate_only_trades": 12,
  "baseline_only_trades": 24,
  "match_rate": 0.860465,
  "matched_delta_pnl_mean": -939.053625,
  "matched_delta_pnl_median": -68.779836,
  "matched_delta_return_mean": -1.52283,
  "matched_delta_return_median": -0.397552,
  "matched_win_rate_baseline": 0.5,
  "matched_win_rate_candidate": 0.513514,
  "matched_win_rate_delta": 0.013514,
  "matched_p_positive": 0.445946,
  "matched_block_bootstrap_ci_lower": -0.000165,
  "matched_block_bootstrap_ci_upper": -4.1e-05,
  "matched_block_bootstrap_p_positive": 0.0003,
  "candidate_fees_usd": 2786.934701,
  "baseline_fees_usd": 13380.36326,
  "delta_fees_usd": -10593.428559,
  "candidate_emergency_dd_share": 0.267442,
  "baseline_emergency_dd_share": 0.336735,
  "delta_emergency_dd_share_pp": -6.929283,
  "candidate_buy_fills_per_episode": 26.7,
  "baseline_buy_fills_per_episode": 27.388889,
  "delta_buy_fills_per_episode": -0.688889,
  "candidate_dd_episode_count": 10,
  "baseline_dd_episode_count": 18,
  "trade_level_bootstrap": {
    "mean_diff": -0.00010087689614744522,
    "ci95_low": -0.00016542414033700442,
    "ci95_high": -4.127748558980503e-05,
    "p_gt_0": 0.0003,
    "n_obs": 15647,
    "block_len": 168,
    "n_resamples": 10000,
    "seed": 1673,
    "ci_crosses_zero": false,
    "small_improvement_threshold": 0.0002,
    "is_small_improvement": true,
    "all_blocks": [
      {
        "mean_diff": -0.00010087689614744522,
        "ci95_low": -0.00016217863244759009,
        "ci95_high": -4.1845727077770444e-05,
        "p_gt_0": 0.0005,
        "n_obs": 15647,
        "block_len": 42,
        "n_resamples": 10000,
        "seed": 1547
      },
      {
        "mean_diff": -0.00010087689614744522,
        "ci95_low": -0.00016260806713557538,
        "ci95_high": -4.3498462557803044e-05,
        "p_gt_0": 0.0,
        "n_obs": 15647,
        "block_len": 84,
        "n_resamples": 10000,
        "seed": 1589
      },
      {
        "mean_diff": -0.00010087689614744522,
        "ci95_low": -0.00016542414033700442,
        "ci95_high": -4.127748558980503e-05,
        "p_gt_0": 0.0003,
        "n_obs": 15647,
        "block_len": 168,
        "n_resamples": 10000,
        "seed": 1673
      }
    ],
    "n_timestamps": 15647
  }
}