metric,median,p5,p95,probability
headline_delta,-362.43,-30120.33,14894.17,0.458000
cf_ret,-0.105665,-8.341203,9.918029,0.322000
d_churn_rate,0.015930,-0.017145,0.045800,0.216000
