{
  "headline_delta": 64558.81569447179,
  "matched_delta": 51599.98331967012,
  "cascade_delta": 12958.832374801561,
  "residual": 1.0913936421275139e-10,
  "e5_only_pnl": 3395.886614597999,
  "e0_only_pnl": -9562.945760203562,
  "matched_ret_delta": 12.66841433395151,
  "cascade_ret_delta": 11.422741268556774,
  "cf_pnl": 0.20072909075857215,
  "cf_ret": 0.4741466726223577
}