{
  "miss_k1_sharpe_cv": 0.015094910887360955,
  "miss_k1_sharpe_p5": 0.8061086998854397,
  "miss_k1_sharpe_mean": 0.8163971729714941,
  "miss_k3_sharpe_p5": 0.7942522858339538,
  "outage_168h_sharpe_worst": 0.7394336612215289,
  "outage_168h_sharpe_p5": 0.7744024657592556,
  "delay_1_delta_sharpe": 0.033404768654738515,
  "delay_4_delta_sharpe": -0.03301742369120597,
  "baseline_sharpe": 0.8160701575880366,
  "baseline_cagr_native": 0.1819474107009913
}