{
  "1": {
    "n_draws": 2000,
    "n_entries": 65,
    "sharpe_mean": 0.8163971729714941,
    "sharpe_std": 0.012318506306626023,
    "sharpe_p5": 0.8061086998854397,
    "sharpe_p50": 0.8130978291806966,
    "sharpe_p95": 0.844200093872025,
    "cagr_native_mean": 0.18163795458011137,
    "cagr_native_p5": 0.17979801092385816,
    "cagr_unit_mean": 0.3797129736856807,
    "cagr_unit_p5": 0.37287342209771945,
    "n_trades_mean": 64.824,
    "n_trades_min": 64,
    "n_trades_max": 65,
    "pct_sharpe_positive": 100.0,
    "pct_cagr_native_positive": 100.0,
    "baseline_sharpe": 0.8160701575880366,
    "baseline_cagr_native": 0.1819474107009913
  },
  "2": {
    "n_draws": 2000,
    "n_entries": 65,
    "sharpe_mean": 0.8162497601321089,
    "sharpe_std": 0.01616736137679223,
    "sharpe_p5": 0.7990731737363789,
    "sharpe_p50": 0.8104694793085705,
    "sharpe_p95": 0.8478065795268019,
    "cagr_native_mean": 0.18126926204516525,
    "cagr_native_p5": 0.17801672777388378,
    "cagr_unit_mean": 0.3793179409572311,
    "cagr_unit_p5": 0.3674574296829228,
    "n_trades_mean": 64.6445,
    "n_trades_min": 63,
    "n_trades_max": 65,
    "pct_sharpe_positive": 100.0,
    "pct_cagr_native_positive": 100.0,
    "baseline_sharpe": 0.8160701575880366,
    "baseline_cagr_native": 0.1819474107009913
  },
  "3": {
    "n_draws": 2000,
    "n_entries": 65,
    "sharpe_mean": 0.8163201413453557,
    "sharpe_std": 0.020464261666355232,
    "sharpe_p5": 0.7942522858339538,
    "sharpe_p50": 0.808292200375609,
    "sharpe_p95": 0.8609758699849787,
    "cagr_native_mean": 0.180847954374778,
    "cagr_native_p5": 0.1770787838101831,
    "cagr_unit_mean": 0.3792253938676388,
    "cagr_unit_p5": 0.36391106216559965,
    "n_trades_mean": 64.495,
    "n_trades_min": 62,
    "n_trades_max": 65,
    "pct_sharpe_positive": 100.0,
    "pct_cagr_native_positive": 100.0,
    "baseline_sharpe": 0.8160701575880366,
    "baseline_cagr_native": 0.1819474107009913
  }
}