{
  "mean_diff": -0.00011329876536167009,
  "ci95_low": -0.00018644934283555407,
  "ci95_high": -4.525532887343035e-05,
  "p_gt_0": 0.0,
  "n_obs": 15647,
  "block_len": 168,
  "n_resamples": 10000,
  "seed": 1673
}