{
  "scenario": "harsh",
  "candidate_trades": 85,
  "baseline_trades": 98,
  "matched_trades": 75,
  "candidate_only_trades": 10,
  "baseline_only_trades": 23,
  "match_rate": 0.882353,
  "matched_delta_pnl_mean": -926.186104,
  "matched_delta_pnl_median": 5.178179,
  "matched_delta_return_mean": -1.415932,
  "matched_delta_return_median": 0.0,
  "matched_win_rate_baseline": 0.493333,
  "matched_win_rate_candidate": 0.546667,
  "matched_win_rate_delta": 0.053333,
  "matched_p_positive": 0.506667,
  "matched_block_bootstrap_ci_lower": -0.000186,
  "matched_block_bootstrap_ci_upper": -4.5e-05,
  "matched_block_bootstrap_p_positive": 0.0,
  "candidate_fees_usd": 1923.419426,
  "baseline_fees_usd": 13380.36326,
  "delta_fees_usd": -11456.943834,
  "candidate_emergency_dd_share": 0.247059,
  "baseline_emergency_dd_share": 0.336735,
  "delta_emergency_dd_share_pp": -8.967587,
  "candidate_buy_fills_per_episode": 37.2,
  "baseline_buy_fills_per_episode": 27.388889,
  "delta_buy_fills_per_episode": 9.811111,
  "candidate_dd_episode_count": 5,
  "baseline_dd_episode_count": 18,
  "trade_level_bootstrap": {
    "mean_diff": -0.00011329876536167009,
    "ci95_low": -0.00018644934283555407,
    "ci95_high": -4.525532887343035e-05,
    "p_gt_0": 0.0,
    "n_obs": 15647,
    "block_len": 168,
    "n_resamples": 10000,
    "seed": 1673,
    "ci_crosses_zero": false,
    "small_improvement_threshold": 0.0002,
    "is_small_improvement": true,
    "all_blocks": [
      {
        "mean_diff": -0.00011329876536167009,
        "ci95_low": -0.00017996876292623084,
        "ci95_high": -4.860908727024936e-05,
        "p_gt_0": 0.0003,
        "n_obs": 15647,
        "block_len": 42,
        "n_resamples": 10000,
        "seed": 1547
      },
      {
        "mean_diff": -0.00011329876536167009,
        "ci95_low": -0.00018332536217189135,
        "ci95_high": -4.807264233743172e-05,
        "p_gt_0": 0.0001,
        "n_obs": 15647,
        "block_len": 84,
        "n_resamples": 10000,
        "seed": 1589
      },
      {
        "mean_diff": -0.00011329876536167009,
        "ci95_low": -0.00018644934283555407,
        "ci95_high": -4.525532887343035e-05,
        "p_gt_0": 0.0,
        "n_obs": 15647,
        "block_len": 168,
        "n_resamples": 10000,
        "seed": 1673
      }
    ],
    "n_timestamps": 15647
  }
}