{
  "mean_diff": -7.511359416515514e-05,
  "ci95_low": -0.00013482449561715948,
  "ci95_high": -1.784720563039848e-05,
  "p_gt_0": 0.0053,
  "n_obs": 15647,
  "block_len": 168,
  "n_resamples": 10000,
  "seed": 1673
}