{
  "scenario": "harsh",
  "candidate_trades": 91,
  "baseline_trades": 98,
  "matched_trades": 82,
  "candidate_only_trades": 9,
  "baseline_only_trades": 16,
  "match_rate": 0.901099,
  "matched_delta_pnl_mean": -613.652274,
  "matched_delta_pnl_median": 17.30022,
  "matched_delta_return_mean": -0.571339,
  "matched_delta_return_median": -0.06887,
  "matched_win_rate_baseline": 0.487805,
  "matched_win_rate_candidate": 0.5,
  "matched_win_rate_delta": 0.012195,
  "matched_p_positive": 0.5,
  "matched_block_bootstrap_ci_lower": -0.000135,
  "matched_block_bootstrap_ci_upper": -1.8e-05,
  "matched_block_bootstrap_p_positive": 0.0053,
  "candidate_fees_usd": 4566.507294,
  "baseline_fees_usd": 13380.36326,
  "delta_fees_usd": -8813.855966,
  "candidate_emergency_dd_share": 0.296703,
  "baseline_emergency_dd_share": 0.336735,
  "delta_emergency_dd_share_pp": -4.00314,
  "candidate_buy_fills_per_episode": 36.272727,
  "baseline_buy_fills_per_episode": 27.388889,
  "delta_buy_fills_per_episode": 8.883838,
  "candidate_dd_episode_count": 11,
  "baseline_dd_episode_count": 18,
  "trade_level_bootstrap": {
    "mean_diff": -7.511359416515514e-05,
    "ci95_low": -0.00013482449561715948,
    "ci95_high": -1.784720563039848e-05,
    "p_gt_0": 0.0053,
    "n_obs": 15647,
    "block_len": 168,
    "n_resamples": 10000,
    "seed": 1673,
    "ci_crosses_zero": false,
    "small_improvement_threshold": 0.0002,
    "is_small_improvement": true,
    "all_blocks": [
      {
        "mean_diff": -7.511359416515514e-05,
        "ci95_low": -0.0001310520147006377,
        "ci95_high": -2.150013497707257e-05,
        "p_gt_0": 0.0031,
        "n_obs": 15647,
        "block_len": 42,
        "n_resamples": 10000,
        "seed": 1547
      },
      {
        "mean_diff": -7.511359416515514e-05,
        "ci95_low": -0.00013157205591392317,
        "ci95_high": -2.090402478614873e-05,
        "p_gt_0": 0.0021,
        "n_obs": 15647,
        "block_len": 84,
        "n_resamples": 10000,
        "seed": 1589
      },
      {
        "mean_diff": -7.511359416515514e-05,
        "ci95_low": -0.00013482449561715948,
        "ci95_high": -1.784720563039848e-05,
        "p_gt_0": 0.0053,
        "n_obs": 15647,
        "block_len": 168,
        "n_resamples": 10000,
        "seed": 1673
      }
    ],
    "n_timestamps": 15647
  }
}