{
  "baseline": {
    "entry_delay": 0,
    "exit_delay": 0,
    "n_miss": 0,
    "n_trades": 207,
    "native_terminal": 282869.3812057781,
    "sharpe": 1.229858244767157,
    "cagr_native": 0.672325892282476,
    "mdd_native": 0.3418602699984513,
    "delta_sharpe": 0.0,
    "delta_cagr_native": 0.0,
    "delta_mdd_native": 0.0,
    "suppressed_entries": 0
  },
  "entry_only_D1": {
    "entry_delay": 1,
    "exit_delay": 0,
    "n_miss": 0,
    "n_trades": 204,
    "native_terminal": 226087.5680863594,
    "sharpe": 1.1782948167579548,
    "cagr_native": 0.6156610633882063,
    "mdd_native": 0.3634775119916508,
    "delta_sharpe": -0.05156342800920233,
    "delta_cagr_native": -0.056664828894269714,
    "delta_mdd_native": 0.021617241993199476,
    "suppressed_entries": 0
  },
  "entry_only_D2": {
    "entry_delay": 2,
    "exit_delay": 0,
    "n_miss": 0,
    "n_trades": 188,
    "native_terminal": 93529.62450521674,
    "sharpe": 0.9332410917014566,
    "cagr_native": 0.41051204317297985,
    "mdd_native": 0.32800141926012655,
    "delta_sharpe": -0.29661715306570047,
    "delta_cagr_native": -0.2618138491094961,
    "delta_mdd_native": -0.013858850738324768,
    "suppressed_entries": 0
  },
  "exit_only_D1": {
    "entry_delay": 0,
    "exit_delay": 1,
    "n_miss": 0,
    "n_trades": 206,
    "native_terminal": 209286.06216783533,
    "sharpe": 1.117076989498503,
    "cagr_native": 0.5965804842986864,
    "mdd_native": 0.3725321395579564,
    "delta_sharpe": -0.11278125526865401,
    "delta_cagr_native": -0.07574540798378959,
    "delta_mdd_native": 0.03067186955950507,
    "suppressed_entries": 0
  },
  "exit_only_D2": {
    "entry_delay": 0,
    "exit_delay": 2,
    "n_miss": 0,
    "n_trades": 203,
    "native_terminal": 191790.40763438417,
    "sharpe": 1.1045256047620438,
    "cagr_native": 0.5752808078073817,
    "mdd_native": 0.4133985719540116,
    "delta_sharpe": -0.12533264000511335,
    "delta_cagr_native": -0.0970450844750943,
    "delta_mdd_native": 0.07153830195556027,
    "suppressed_entries": 0
  },
  "entry_D1_exit_D1": {
    "entry_delay": 1,
    "exit_delay": 1,
    "n_miss": 0,
    "n_trades": 202,
    "native_terminal": 168567.45829967852,
    "sharpe": 1.0693545908582545,
    "cagr_native": 0.5443097781986053,
    "mdd_native": 0.3829434833755395,
    "delta_sharpe": -0.16050365390890264,
    "delta_cagr_native": -0.1280161140838707,
    "delta_mdd_native": 0.0410832133770882,
    "suppressed_entries": 0
  },
  "entry_D1_exit_D2": {
    "entry_delay": 1,
    "exit_delay": 2,
    "n_miss": 0,
    "n_trades": 199,
    "native_terminal": 170249.53046530316,
    "sharpe": 1.0827234653634574,
    "cagr_native": 0.5466706142203217,
    "mdd_native": 0.4072126166023596,
    "delta_sharpe": -0.14713477940369968,
    "delta_cagr_native": -0.12565527806215426,
    "delta_mdd_native": 0.06535234660390826,
    "suppressed_entries": 0
  },
  "entry_D2_exit_D1": {
    "entry_delay": 2,
    "exit_delay": 1,
    "n_miss": 0,
    "n_trades": 187,
    "native_terminal": 69814.87381662181,
    "sharpe": 0.8283968130410481,
    "cagr_native": 0.3484602452744028,
    "mdd_native": 0.36736513136888754,
    "delta_sharpe": -0.40146143172610904,
    "delta_cagr_native": -0.3238656470080732,
    "delta_mdd_native": 0.025504861370436227,
    "suppressed_entries": 0
  },
  "entry_D2_exit_D2": {
    "entry_delay": 2,
    "exit_delay": 2,
    "n_miss": 0,
    "n_trades": 184,
    "native_terminal": 69708.53494943745,
    "sharpe": 0.8357201905327467,
    "cagr_native": 0.3481440547145853,
    "mdd_native": 0.41239437735705503,
    "delta_sharpe": -0.3941380542344104,
    "delta_cagr_native": -0.32418183756789065,
    "delta_mdd_native": 0.07053410735860371,
    "suppressed_entries": 0
  },
  "entry_D4_exit_D2": {
    "entry_delay": 4,
    "exit_delay": 2,
    "n_miss": 0,
    "n_trades": 171,
    "native_terminal": 44115.87324257111,
    "sharpe": 0.7071343267852022,
    "cagr_native": 0.25651721516544757,
    "mdd_native": 0.4407913810074686,
    "delta_sharpe": -0.5227239179819549,
    "delta_cagr_native": -0.4158086771170284,
    "delta_mdd_native": 0.0989311110090173,
    "suppressed_entries": 0
  },
  "full_LT2_sim": {
    "entry_delay": 2,
    "exit_delay": 1,
    "n_miss": 1,
    "n_trades": 187,
    "native_terminal": 69814.87381662181,
    "sharpe": 0.8283968130410481,
    "cagr_native": 0.3484602452744028,
    "mdd_native": 0.36736513136888754,
    "delta_sharpe": -0.40146143172610904,
    "delta_cagr_native": -0.3238656470080732,
    "delta_mdd_native": 0.025504861370436227,
    "suppressed_entries": 0
  }
}