{
  "LT1": {
    "n_draws": 1000,
    "sharpe_mean": 1.2018043136973378,
    "sharpe_std": 0.027307685161300718,
    "sharpe_p5": 1.1552675743367455,
    "sharpe_p50": 1.203120879487113,
    "sharpe_p95": 1.2446405840951689,
    "cagr_mean": 0.6490966289999538,
    "cagr_p5": 0.6044882740382098,
    "cagr_p50": 0.6494076242960762,
    "mdd_mean": 0.34631392451094645,
    "mdd_p95": 0.37211367555388974,
    "delta_sharpe_mean": -0.028053931069819495,
    "delta_sharpe_p5": -0.0745906704304116,
    "delta_sharpe_p95": 0.014782339328011715,
    "delta_cagr_p5": -0.06783761824426617,
    "delta_mdd_p95": -0.03158632444611027,
    "p_cagr_le_0": 0.0,
    "p_sharpe_positive": 1.0,
    "n_trades_mean": 206.106,
    "suppressed_mean": 6.598,
    "baseline_sharpe": 1.229858244767157,
    "baseline_cagr": 0.672325892282476,
    "baseline_mdd": 0.4037
  },
  "LT2": {
    "n_draws": 1000,
    "sharpe_mean": 1.0436851318170979,
    "sharpe_std": 0.051686617456300495,
    "sharpe_p5": 0.961089220002265,
    "sharpe_p50": 1.042591029056085,
    "sharpe_p95": 1.1290681694342575,
    "cagr_mean": 0.517014459336124,
    "cagr_p5": 0.44213770140931513,
    "cagr_p50": 0.5161636626065699,
    "mdd_mean": 0.4065023536696325,
    "mdd_p95": 0.4616488206459209,
    "delta_sharpe_mean": -0.18617311295005917,
    "delta_sharpe_p5": -0.268769024764892,
    "delta_sharpe_p95": -0.1007900753328996,
    "delta_cagr_p5": -0.23018819087316086,
    "delta_mdd_p95": 0.0579488206459209,
    "p_cagr_le_0": 0.0,
    "p_sharpe_positive": 1.0,
    "n_trades_mean": 199.317,
    "suppressed_mean": 16.388,
    "baseline_sharpe": 1.229858244767157,
    "baseline_cagr": 0.672325892282476,
    "baseline_mdd": 0.4037
  },
  "LT3": {
    "n_draws": 1000,
    "sharpe_mean": 0.7363608947747475,
    "sharpe_std": 0.06920966352686861,
    "sharpe_p5": 0.6256091490419192,
    "sharpe_p50": 0.735578722550941,
    "sharpe_p95": 0.8512535840500314,
    "cagr_mean": 0.266628148220273,
    "cagr_p5": 0.18774233945581953,
    "cagr_p50": 0.2655584260562026,
    "mdd_mean": 0.4202730158084489,
    "mdd_p95": 0.5076154014264945,
    "delta_sharpe_mean": -0.49349734999240963,
    "delta_sharpe_p5": -0.6042490957252379,
    "delta_sharpe_p95": -0.37860466071712573,
    "delta_cagr_p5": -0.48458355282665644,
    "delta_mdd_p95": 0.10391540142649452,
    "p_cagr_le_0": 0.0,
    "p_sharpe_positive": 1.0,
    "n_trades_mean": 171.692,
    "suppressed_mean": 0.0,
    "baseline_sharpe": 1.229858244767157,
    "baseline_cagr": 0.672325892282476,
    "baseline_mdd": 0.4037
  }
}