{
  "1": {
    "n_draws": 2000,
    "n_entries": 188,
    "sharpe_mean": 1.2797992109693923,
    "sharpe_std": 0.004449126373333007,
    "sharpe_p5": 1.2708202628268264,
    "sharpe_p50": 1.2799390290288741,
    "sharpe_p95": 1.2893654127948326,
    "cagr_native_mean": 0.725766718507907,
    "cagr_native_p5": 0.7178945613216521,
    "cagr_unit_mean": 0.8472698030851895,
    "cagr_unit_p5": 0.8382643855560761,
    "n_trades_mean": 187.9145,
    "n_trades_min": 187,
    "n_trades_max": 188,
    "pct_sharpe_positive": 100.0,
    "pct_cagr_native_positive": 100.0,
    "baseline_sharpe": 1.2800583413288134,
    "baseline_cagr_native": 0.7261775760097144
  },
  "2": {
    "n_draws": 2000,
    "n_entries": 188,
    "sharpe_mean": 1.2795397265339643,
    "sharpe_std": 0.006118221627220935,
    "sharpe_p5": 1.2684093975529473,
    "sharpe_p50": 1.2797522091838003,
    "sharpe_p95": 1.2901257341562136,
    "cagr_native_mean": 0.7253412822228303,
    "cagr_native_p5": 0.7151887601477879,
    "cagr_unit_mean": 0.8467741848089494,
    "cagr_unit_p5": 0.8357393618814825,
    "n_trades_mean": 187.85,
    "n_trades_min": 186,
    "n_trades_max": 188,
    "pct_sharpe_positive": 100.0,
    "pct_cagr_native_positive": 100.0,
    "baseline_sharpe": 1.2800583413288134,
    "baseline_cagr_native": 0.7261775760097144
  },
  "3": {
    "n_draws": 2000,
    "n_entries": 188,
    "sharpe_mean": 1.2792102631944726,
    "sharpe_std": 0.007581597021774019,
    "sharpe_p5": 1.266325139997147,
    "sharpe_p50": 1.2794117350132002,
    "sharpe_p95": 1.2914172145864389,
    "cagr_native_mean": 0.7248438423208979,
    "cagr_native_p5": 0.7125178227990012,
    "cagr_unit_mean": 0.8461957746831789,
    "cagr_unit_p5": 0.8328480403758696,
    "n_trades_mean": 187.7735,
    "n_trades_min": 185,
    "n_trades_max": 188,
    "pct_sharpe_positive": 100.0,
    "pct_cagr_native_positive": 100.0,
    "baseline_sharpe": 1.2800583413288134,
    "baseline_cagr_native": 0.7261775760097144
  }
}