fold,e5_sharpe,arm_sharpe,d_sharpe
1,-1.106981,-1.186347,-0.079366
2,1.260231,1.478980,0.218750
3,1.891857,1.922366,0.030509
4,0.099789,-0.239909,-0.339698
