{
  "t0": {
    "early": {
      "label": "Early",
      "n": 53,
      "churn": 22,
      "rate": 41.509433962264154,
      "avg_pnl": -4758.93470810586,
      "avg_bars": 18.49056603773585
    },
    "late": {
      "label": "Late",
      "n": 130,
      "churn": 101,
      "rate": 77.6923076923077,
      "avg_pnl": 4125.537302341184,
      "avg_bars": 48.246153846153845
    },
    "all": {
      "label": "All",
      "n": 183,
      "churn": 123,
      "rate": 67.21311475409836,
      "avg_pnl": 1552.438851228106,
      "avg_bars": 39.62841530054645
    },
    "mfe_percentiles": {
      "Q10": 0.511238166956925,
      "Q25": 1.3418875654548383,
      "Q50": 3.292086043183945,
      "Q75": 6.545890912109453,
      "Q90": 14.588353826098675
    },
    "interpretation": "DRIFT_DRIVEN",
    "delta_churn_rate": -36.18287373004354
  },
  "t1": {
    "e5": {
      "sharpe": 1.469036076601517,
      "cagr": 62.4815849733863,
      "mdd": 40.90447064321874,
      "trades": 202,
      "exposure": 47.96140081799591
    },
    "arm": {
      "sharpe": 1.4071187990653486,
      "cagr": 60.52265526576037,
      "mdd": 44.44886905361053,
      "trades": 183,
      "exposure": 50.4409509202454
    },
    "d_sharpe": -0.06191727753616827,
    "g0_pass": false,
    "stats_arm": {
      "n_trades": 183,
      "n_trail_stop": 128,
      "n_trend_exit": 55,
      "n_end_of_data": 0,
      "n_arm_events": 128,
      "n_never_armed": 55
    },
    "churn_rate_e5": 67.21311475409836,
    "churn_rate_arm": 78.90625,
    "exit_anatomy": {
      "e5": {
        "total": 202,
        "trail": 183,
        "trend": 19,
        "churn_trail_rate": 67.21311475409836
      },
      "arm": {
        "total": 183,
        "trail": 128,
        "trend": 55,
        "never_armed": 55,
        "churn_trail_rate": 78.90625
      }
    }
  },
  "t2": {
    "sweep": [
      {
        "k": 0.5,
        "sharpe": 1.4085160191413513,
        "cagr": 59.0015615357512,
        "mdd": 42.05220881590282,
        "trades": 197,
        "never_armed_pct": 15.736040609137056,
        "churn_trail_rate": 71.77914110429448,
        "exposure": 48.45986707566462,
        "d_sharpe": -0.060520057460165644
      },
      {
        "k": 1.0,
        "sharpe": 1.4207873581919763,
        "cagr": 60.68053210062063,
        "mdd": 43.8233811956524,
        "trades": 189,
        "never_armed_pct": 21.693121693121693,
        "churn_trail_rate": 73.46938775510205,
        "exposure": 49.431237218813905,
        "d_sharpe": -0.04824871840954059
      },
      {
        "k": 1.5,
        "sharpe": 1.4071187990653486,
        "cagr": 60.52265526576037,
        "mdd": 44.44886905361053,
        "trades": 183,
        "never_armed_pct": 30.05464480874317,
        "churn_trail_rate": 78.90625,
        "exposure": 50.4409509202454,
        "d_sharpe": -0.06191727753616827
      },
      {
        "k": 2.0,
        "sharpe": 1.425520955039762,
        "cagr": 62.02192084928579,
        "mdd": 44.05198355003947,
        "trades": 176,
        "never_armed_pct": 33.52272727272727,
        "churn_trail_rate": 80.34188034188034,
        "exposure": 50.95219836400818,
        "d_sharpe": -0.043515121561754855
      },
      {
        "k": 2.5,
        "sharpe": 1.3705915943203835,
        "cagr": 58.97662913864941,
        "mdd": 44.05198355003949,
        "trades": 172,
        "never_armed_pct": 36.04651162790697,
        "churn_trail_rate": 81.81818181818183,
        "exposure": 51.32285276073619,
        "d_sharpe": -0.09844448228113345
      },
      {
        "k": 3.0,
        "sharpe": 1.3151203440927834,
        "cagr": 55.873784955137374,
        "mdd": 47.79981236216704,
        "trades": 163,
        "never_armed_pct": 41.104294478527606,
        "churn_trail_rate": 84.375,
        "exposure": 51.99386503067485,
        "d_sharpe": -0.15391573250873347
      }
    ],
    "e5_ref": {
      "sharpe": 1.469036076601517,
      "cagr": 62.4815849733863,
      "mdd": 40.90447064321874,
      "trades": 202,
      "churn_trail_rate": 67.21311475409836
    },
    "has_peak": true
  },
  "t3": {
    "folds": [
      {
        "fold": 1,
        "test_start": "2022-01-01",
        "test_end": "2022-12-31",
        "e5_sharpe": -1.1069810796058113,
        "arm_sharpe": -1.1863466155567375,
        "d_sharpe": -0.07936553595092621
      },
      {
        "fold": 2,
        "test_start": "2023-01-01",
        "test_end": "2023-12-31",
        "e5_sharpe": 1.2602305212034148,
        "arm_sharpe": 1.4789801708114456,
        "d_sharpe": 0.21874964960803078
      },
      {
        "fold": 3,
        "test_start": "2024-01-01",
        "test_end": "2024-12-31",
        "e5_sharpe": 1.8918569106478411,
        "arm_sharpe": 1.9223659635440589,
        "d_sharpe": 0.030509052896217748
      },
      {
        "fold": 4,
        "test_start": "2025-01-01",
        "test_end": "2026-02-20",
        "e5_sharpe": 0.09978940726628377,
        "arm_sharpe": -0.2399087329312836,
        "d_sharpe": -0.3396981401975674
      }
    ],
    "win_rate": 0.5,
    "mean_d": -0.04245124341106127,
    "g1_pass": false
  },
  "t4": {
    "P_d_sharpe_gt_0": 0.49,
    "median_d_sharpe": -0.002857599501749991,
    "mean_d_sharpe": 0.004713790923918218,
    "d_sharpe_p5": -0.18701933802556003,
    "d_sharpe_p95": 0.19888132694532176,
    "P_d_mdd_le_0": 0.388,
    "median_d_mdd": 1.63352112411971,
    "d_mdd_p5": -7.271610877317729,
    "d_mdd_p95": 12.03393898650833,
    "median_sharpe_arm": 0.5799008958906521,
    "median_sharpe_e5": 0.5740034128719793,
    "g2_pass": false,
    "g3_pass": true
  },
  "t5": {
    "folds": [
      {
        "year": 2020,
        "e5_sharpe": 0.7695661192727277,
        "arm_sharpe": 0.7496282469004983,
        "d_sharpe": -0.019937872372229326,
        "d_sharpe_negative": true
      },
      {
        "year": 2021,
        "e5_sharpe": 1.1075180789024937,
        "arm_sharpe": 1.2004054982035646,
        "d_sharpe": 0.09288741930107092,
        "d_sharpe_negative": false
      },
      {
        "year": 2022,
        "e5_sharpe": 1.582445504059855,
        "arm_sharpe": 1.5130319669764576,
        "d_sharpe": -0.06941353708339748,
        "d_sharpe_negative": true
      },
      {
        "year": 2023,
        "e5_sharpe": 1.529199391484587,
        "arm_sharpe": 1.417295147078192,
        "d_sharpe": -0.1119042444063949,
        "d_sharpe_negative": true
      },
      {
        "year": 2024,
        "e5_sharpe": 1.316867379357296,
        "arm_sharpe": 1.2515649909320918,
        "d_sharpe": -0.0653023884252042,
        "d_sharpe_negative": true
      },
      {
        "year": 2025,
        "e5_sharpe": 1.611776430818107,
        "arm_sharpe": 1.540619723991927,
        "d_sharpe": -0.07115670682618003,
        "d_sharpe_negative": true
      }
    ],
    "n_negative": 5,
    "mean_d_sharpe": -0.040804554968722505,
    "g4_pass": false
  },
  "t6": {
    "sharpe": 1.4071187990653486,
    "sr0": 0.3937635543609201,
    "psr": 1.0,
    "n_returns": 15647,
    "g5_pass": true
  },
  "t7": {
    "gates": {
      "G0": {
        "test": "T1",
        "criterion": "d_sharpe > 0 vs E5",
        "value": -0.06191727753616827,
        "pass": false
      },
      "G1": {
        "test": "T3",
        "criterion": "WFO >= 3/4, mean d > 0",
        "value": "wr=50%, d=-0.0425",
        "pass": false
      },
      "G2": {
        "test": "T4",
        "criterion": "P(d_sh > 0) > 0.55",
        "value": 0.49,
        "pass": false
      },
      "G3": {
        "test": "T4",
        "criterion": "med d_mdd <= +5pp",
        "value": 1.63352112411971,
        "pass": true
      },
      "G4": {
        "test": "T5",
        "criterion": "JK neg <= 2/6",
        "value": 5,
        "pass": false
      },
      "G5": {
        "test": "T6",
        "criterion": "PSR > 0.95",
        "value": 1.0,
        "pass": true
      }
    },
    "n_pass": 2,
    "verdict": "REJECT"
  },
  "study_id": "X24",