metric_name,observed_a,observed_b,observed_delta,mean_delta,std_delta,ci_lower,ci_upper,p_a_better,n_bootstrap,block_size,scenario
sharpe,1.265330179633677,1.1872187932623788,0.07811138637129833,0.07947228226807063,0.30444897124747994,-0.536509859059426,0.6630875413182012,0.598,2000,10,harsh
sharpe,1.265330179633677,1.1872187932623788,0.07811138637129833,0.07721675288954737,0.31711752340427735,-0.518984710981569,0.6856701385584597,0.5875,2000,20,harsh
sharpe,1.265330179633677,1.1872187932623788,0.07811138637129833,0.08375987246467369,0.3041685777473691,-0.5035875913620023,0.682698662994948,0.6065,2000,40,harsh
sharpe,1.3964268824597723,1.306983068359349,0.08944381410042324,0.09050544383928105,0.3052992457368783,-0.5210089303958312,0.6671017705689943,0.6145,2000,10,base
sharpe,1.3964268824597723,1.306983068359349,0.08944381410042324,0.08817386165570851,0.3169759463097121,-0.5142591918691334,0.690514889274072,0.6015,2000,20,base
sharpe,1.3964268824597723,1.306983068359349,0.08944381410042324,0.09568982156582932,0.30305013282486565,-0.49661498752393435,0.6851364841906421,0.6305,2000,40,base
