{
  "baseline": {
    "entry_delay": 0,
    "exit_delay": 0,
    "n_miss": 0,
    "n_trades": 188,
    "native_terminal": 347580.6242108166,
    "sharpe": 1.2800583413288134,
    "cagr_native": 0.7261775760097144,
    "mdd_native": 0.3277270954726637,
    "delta_sharpe": 0.0,
    "delta_cagr_native": 0.0,
    "delta_mdd_native": 0.0,
    "suppressed_entries": 0
  },
  "entry_only_D1": {
    "entry_delay": 1,
    "exit_delay": 0,
    "n_miss": 0,
    "n_trades": 185,
    "native_terminal": 259476.96755863103,
    "sharpe": 1.2093844082469742,
    "cagr_native": 0.6502649039471331,
    "mdd_native": 0.35386253835587816,
    "delta_sharpe": -0.07067393308183911,
    "delta_cagr_native": -0.07591267206258134,
    "delta_mdd_native": 0.026135442883214455,
    "suppressed_entries": 0
  },
  "entry_only_D2": {
    "entry_delay": 2,
    "exit_delay": 0,
    "n_miss": 0,
    "n_trades": 172,
    "native_terminal": 98529.54613586786,
    "sharpe": 0.9557290591118734,
    "cagr_native": 0.4218585108197783,
    "mdd_native": 0.37679468574013886,
    "delta_sharpe": -0.3243292822169399,
    "delta_cagr_native": -0.3043190651899361,
    "delta_mdd_native": 0.04906759026747515,
    "suppressed_entries": 0
  },
  "exit_only_D1": {
    "entry_delay": 0,
    "exit_delay": 1,
    "n_miss": 0,
    "n_trades": 186,
    "native_terminal": 270226.6955594964,
    "sharpe": 1.1784645173397745,
    "cagr_native": 0.6606032543734957,
    "mdd_native": 0.33128415456233573,
    "delta_sharpe": -0.10159382398903882,
    "delta_cagr_native": -0.06557432163621879,
    "delta_mdd_native": 0.003557059089672021,
    "suppressed_entries": 0
  },
  "exit_only_D2": {
    "entry_delay": 0,
    "exit_delay": 2,
    "n_miss": 0,
    "n_trades": 184,
    "native_terminal": 244607.3958662799,
    "sharpe": 1.163061362795857,
    "cagr_native": 0.6353499621875949,
    "mdd_native": 0.3463829652589652,
    "delta_sharpe": -0.11699697853295632,
    "delta_cagr_native": -0.09082761382211957,
    "delta_mdd_native": 0.018655869786301515,
    "suppressed_entries": 0
  },
  "entry_D1_exit_D1": {
    "entry_delay": 1,
    "exit_delay": 1,
    "n_miss": 0,
    "n_trades": 182,
    "native_terminal": 204229.36313435456,
    "sharpe": 1.1139060903322437,
    "cagr_native": 0.5905841247508168,
    "mdd_native": 0.3496403500288378,
    "delta_sharpe": -0.1661522509965696,
    "delta_cagr_native": -0.13559345125889766,
    "delta_mdd_native": 0.0219132545561741,
    "suppressed_entries": 0
  },
  "entry_D1_exit_D2": {
    "entry_delay": 1,
    "exit_delay": 2,
    "n_miss": 0,
    "n_trades": 180,
    "native_terminal": 212427.89176832497,
    "sharpe": 1.1350929522544762,
    "cagr_native": 0.6002446746647143,
    "mdd_native": 0.3588371457504593,
    "delta_sharpe": -0.1449653890743372,
    "delta_cagr_native": -0.12593290134500013,
    "delta_mdd_native": 0.031110050277795565,
    "suppressed_entries": 0
  },
  "entry_D2_exit_D1": {
    "entry_delay": 2,
    "exit_delay": 1,
    "n_miss": 0,
    "n_trades": 170,
    "native_terminal": 81771.78992052437,
    "sharpe": 0.8769257364483031,
    "cagr_native": 0.3816579462864853,
    "mdd_native": 0.36549492029763686,
    "delta_sharpe": -0.4031326048805103,
    "delta_cagr_native": -0.34451962972322914,
    "delta_mdd_native": 0.03776782482497315,
    "suppressed_entries": 0
  },
  "entry_D2_exit_D2": {
    "entry_delay": 2,
    "exit_delay": 2,
    "n_miss": 0,
    "n_trades": 170,
    "native_terminal": 80858.28303655243,
    "sharpe": 0.8837145012631096,
    "cagr_native": 0.37927201759026996,
    "mdd_native": 0.3888362247379802,
    "delta_sharpe": -0.3963438400657038,
    "delta_cagr_native": -0.3469055584194445,
    "delta_mdd_native": 0.061109129265316475,
    "suppressed_entries": 0
  },
  "entry_D4_exit_D2": {
    "entry_delay": 4,
    "exit_delay": 2,
    "n_miss": 0,
    "n_trades": 158,
    "native_terminal": 43410.093476147544,
    "sharpe": 0.7110095281177014,
    "cagr_native": 0.2534034338178812,
    "mdd_native": 0.4166120984505614,
    "delta_sharpe": -0.569048813211112,
    "delta_cagr_native": -0.4727741421918332,
    "delta_mdd_native": 0.0888850029778977,
    "suppressed_entries": 0
  },
  "full_LT2_sim": {
    "entry_delay": 2,
    "exit_delay": 1,
    "n_miss": 1,
    "n_trades": 170,
    "native_terminal": 81771.78992052437,
    "sharpe": 0.8769257364483031,
    "cagr_native": 0.3816579462864853,
    "mdd_native": 0.36549492029763686,
    "delta_sharpe": -0.4031326048805103,
    "delta_cagr_native": -0.34451962972322914,
    "delta_mdd_native": 0.03776782482497315,
    "suppressed_entries": 0
  }
}