{
  "LT1": {
    "n_draws": 1000,
    "sharpe_mean": 1.247970262532782,
    "sharpe_std": 0.027881867035206644,
    "sharpe_p5": 1.199711572843289,
    "sharpe_p50": 1.248286306037294,
    "sharpe_p95": 1.293555357289186,
    "cagr_mean": 0.6989027677340734,
    "cagr_p5": 0.653205901579558,
    "cagr_p50": 0.6984439691586082,
    "mdd_mean": 0.3393588739932667,
    "mdd_p95": 0.36428836166199874,
    "delta_sharpe_mean": -0.032088078796031295,
    "delta_sharpe_p5": -0.08034676848552433,
    "delta_sharpe_p95": 0.013497015960372638,
    "delta_cagr_p5": -0.07297167443015644,
    "delta_mdd_p95": -0.05211163833800126,
    "p_cagr_le_0": 0.0,
    "p_sharpe_positive": 1.0,
    "n_trades_mean": 187.087,
    "suppressed_mean": 5.814,
    "baseline_sharpe": 1.2800583413288134,
    "baseline_cagr": 0.7261775760097144,
    "baseline_mdd": 0.4164
  },
  "LT2": {
    "n_draws": 1000,
    "sharpe_mean": 1.0907079383538287,
    "sharpe_std": 0.051759751832297564,
    "sharpe_p5": 1.0041718807819962,
    "sharpe_p50": 1.0909933869408228,
    "sharpe_p95": 1.176987406977595,
    "cagr_mean": 0.5620351403148965,
    "cagr_p5": 0.483423769834786,
    "cagr_p50": 0.5614699561283009,
    "mdd_mean": 0.38957937534804465,
    "mdd_p95": 0.4522038800534435,
    "delta_sharpe_mean": -0.18935040297498465,
    "delta_sharpe_p5": -0.2758864605468172,
    "delta_sharpe_p95": -0.10307093435121847,
    "delta_cagr_p5": -0.24275380617492845,
    "delta_mdd_p95": 0.03580388005344348,
    "p_cagr_le_0": 0.0,
    "p_sharpe_positive": 1.0,
    "n_trades_mean": 180.365,
    "suppressed_mean": 15.132,
    "baseline_sharpe": 1.2800583413288134,
    "baseline_cagr": 0.7261775760097144,
    "baseline_mdd": 0.4164
  },
  "LT3": {
    "n_draws": 1000,
    "sharpe_mean": 0.7489328556882915,
    "sharpe_std": 0.0663274660985992,
    "sharpe_p5": 0.6417771775299017,
    "sharpe_p50": 0.7502164283634489,
    "sharpe_p95": 0.8540670801977519,
    "cagr_mean": 0.27812350165047145,
    "cagr_p5": 0.20613939734405942,
    "cagr_p50": 0.2783174319060281,
    "mdd_mean": 0.3944016200805096,
    "mdd_p95": 0.4780432691856313,
    "delta_sharpe_mean": -0.5311254856405219,
    "delta_sharpe_p5": -0.6382811637989116,
    "delta_sharpe_p95": -0.4259912611310614,
    "delta_cagr_p5": -0.520038178665655,
    "delta_mdd_p95": 0.06164326918563128,
    "p_cagr_le_0": 0.0,
    "p_sharpe_positive": 1.0,
    "n_trades_mean": 159.227,
    "suppressed_mean": 0.0,
    "baseline_sharpe": 1.2800583413288134,
    "baseline_cagr": 0.7261775760097144,
    "baseline_mdd": 0.4164
  }
}