metric_name,observed_a,observed_b,observed_delta,mean_delta,std_delta,ci_lower,ci_upper,p_a_better,n_bootstrap,block_size,scenario
sharpe,1.5278524543264045,1.5204520063792804,0.0074004479471241336,-0.0031350538844383317,0.23458407361538852,-0.46855293963650463,0.44875820258824184,0.4935,2000,10,smart
sharpe,1.5278524543264045,1.5204520063792804,0.0074004479471241336,-0.004921216797646464,0.24829417111200383,-0.48257271042719513,0.46942241526073153,0.5025,2000,20,smart
sharpe,1.5278524543264045,1.5204520063792804,0.0074004479471241336,-0.00731750366080309,0.2551463469720438,-0.4936244229511619,0.5014914290718825,0.484,2000,40,smart
sharpe,1.46330982208782,1.3964268824597723,0.0668829396280477,0.05604582226681767,0.2365056614884118,-0.41558809061384405,0.5119996396240512,0.591,2000,10,base
sharpe,1.46330982208782,1.3964268824597723,0.0668829396280477,0.05458366022604997,0.2505137725292609,-0.4245067823325218,0.5398120610604967,0.5875,2000,20,base
sharpe,1.46330982208782,1.3964268824597723,0.0668829396280477,0.05235814657093909,0.2577132081572155,-0.4343557347771539,0.5630562003707957,0.5765,2000,40,base
sharpe,1.396648744878566,1.265330179633677,0.13131856524488894,0.12010739663510513,0.23862923850458692,-0.36073857196179765,0.5822270752844031,0.6935,2000,10,harsh
sharpe,1.396648744878566,1.265330179633677,0.13131856524488894,0.1190493812168941,0.25290857669588374,-0.3599260829112765,0.6060795358868392,0.677,2000,20,harsh
sharpe,1.396648744878566,1.265330179633677,0.13131856524488894,0.11701653553324996,0.26043504283253555,-0.373233747757687,0.6335602288989829,0.682,2000,40,harsh
