{
  "n_rows": 9,
  "bootstrap": 2000,
  "seed": 1337,
  "gate": {
    "scenario": "harsh",
    "block_size": 10,
    "p_candidate_better": 0.6935,
    "ci_lower": -0.36073857196179765,
    "ci_upper": 0.5822270752844031,
    "observed_delta": 0.13131856524488894
  }
}