scenario,model,total_score,return_term,mdd_penalty,sharpe_term,profit_factor_term,trade_count_term,reject_term,residual
smart,candidate,53.4532,34.7,-6.768,12.2232,8.298000000000002,5.0,0.0,0.0
base,candidate,50.4664,33.1,-7.176,11.7064,7.836,5.0,0.0,0.0
harsh,candidate,47.3523,31.45,-7.608,11.1728,7.337499999999999,5.0,0.0,0.0
smart,baseline,167.899,169.875,-23.105999999999998,12.164,3.9659999999999993,5.0,0.0,0.0
base,baseline,145.7092,150.025,-24.023999999999997,11.1712,3.537,5.0,0.0,0.0
harsh,baseline,123.3249,130.1,-24.965999999999998,10.1224,3.0684999999999993,5.0,0.0,0.0
