{
  "mean_diff": 1.3816738000253219e-05,
  "ci95_low": -8.743165223716743e-06,
  "ci95_high": 3.715164820680077e-05,
  "p_gt_0": 0.8829,
  "n_obs": 15647,
  "block_len": 168,
  "n_resamples": 10000,
  "seed": 1505
}