metric_name,observed_a,observed_b,observed_delta,mean_delta,std_delta,ci_lower,ci_upper,p_a_better,n_bootstrap,block_size,scenario
sharpe,1.8149411487945268,1.7121673360728413,0.10277381272168551,0.1004687865242881,0.07877595009308658,-0.0482615050614039,0.2514346094661557,0.9,2000,10,smart
sharpe,1.8149411487945268,1.7121673360728413,0.10277381272168551,0.10097600159070436,0.07196776054493441,-0.03701515105873375,0.2444244059987953,0.922,2000,20,smart
sharpe,1.8149411487945268,1.7121673360728413,0.10277381272168551,0.10149318840230137,0.06679687571606738,-0.0289110307294585,0.23220379400048888,0.9315,2000,40,smart
sharpe,1.6963150117689663,1.58695759668516,0.10935741508380636,0.10694118616637138,0.0797290092901312,-0.04336477922680616,0.25923474249948975,0.911,2000,10,base
sharpe,1.6963150117689663,1.58695759668516,0.10935741508380636,0.10749064927022761,0.07294743182694091,-0.032405708258022047,0.25386288514954153,0.934,2000,20,base
sharpe,1.6963150117689663,1.58695759668516,0.10935741508380636,0.1080692801509613,0.06796460009260114,-0.024095550915967982,0.24088417088748237,0.938,2000,40,base
sharpe,1.5707640124974043,1.4544944288208077,0.11626958367659657,0.11373654605780098,0.08079731831850584,-0.038569190945951286,0.2695808484096029,0.9235,2000,10,harsh
sharpe,1.5707640124974043,1.4544944288208077,0.11626958367659657,0.11433059139944439,0.0740173054005342,-0.02565664162129875,0.26282737408491674,0.942,2000,20,harsh
sharpe,1.5707640124974043,1.4544944288208077,0.11626958367659657,0.11497264456603663,0.06921691435809378,-0.019770820242318615,0.2502795684962774,0.9465,2000,40,harsh
