{
  "n_rows": 9,
  "bootstrap": 2000,
  "seed": 1337,
  "gate": {
    "scenario": "harsh",
    "block_size": 10,
    "p_candidate_better": 0.9235,
    "ci_lower": -0.038569190945951286,
    "ci_upper": 0.2695808484096029,
    "observed_delta": 0.11626958367659657
  }
}