scenario,model,total_score,return_term,mdd_penalty,sharpe_term,profit_factor_term,trade_count_term,reject_term,residual
smart,candidate,143.8473,126.325,-7.194,13.9688,7.4475,3.3000000000000003,0.0,0.0
base,candidate,125.0644,110.95,-8.04,12.6344,6.220000000000001,3.3000000000000003,0.0,0.0
harsh,candidate,105.55700000000002,95.42500000000001,-9.491999999999999,11.224,5.1,3.3000000000000003,0.0,0.0
smart,baseline,126.82910000000001,113.275,-7.763999999999999,12.1616,5.4565,3.7,0.0,0.0
base,baseline,107.0887,96.7,-8.514,10.7672,4.4355,3.7,0.0,0.0
harsh,baseline,87.14189999999999,80.02499999999999,-9.372,9.2944,3.4945000000000004,3.7,0.0,0.0
