scenario,model,total_score,return_term,mdd_penalty,sharpe_term,profit_factor_term,trade_count_term,reject_term,residual
smart,candidate,211.9342,207.225,-21.287999999999997,14.5192,6.478,5.0,0.0,0.0
base,candidate,189.44790000000003,187.60000000000002,-22.182,13.5704,5.459499999999999,5.0,0.0,0.0
harsh,candidate,166.7949,167.8,-23.105999999999998,12.5664,4.5345,5.0,0.0,0.0
smart,baseline,197.4331,195.35,-21.432,13.6976,4.8175,5.0,0.0,0.0
base,baseline,173.918,174.725,-22.5,12.696,3.9970000000000008,5.0,0.0,0.0
harsh,baseline,149.3135,154.0,-24.581999999999997,11.636,3.2594999999999996,5.0,0.0,0.0
