{
  "scenario": "harsh",
  "candidate_trades": 174,
  "baseline_trades": 188,
  "matched_trades": 138,
  "candidate_only_trades": 36,
  "baseline_only_trades": 50,
  "match_rate": 0.793103,
  "matched_delta_pnl_mean": 210.355069,
  "matched_delta_pnl_median": -5.651262,
  "matched_delta_return_mean": 0.014756,
  "matched_delta_return_median": 0.0,
  "matched_win_rate_baseline": 0.478261,
  "matched_win_rate_candidate": 0.485507,
  "matched_win_rate_delta": 0.007246,
  "matched_p_positive": 0.485507,
  "matched_block_bootstrap_ci_lower": -9e-06,
  "matched_block_bootstrap_ci_upper": 3.7e-05,
  "matched_block_bootstrap_p_positive": 0.8829,
  "candidate_fees_usd": 81896.535658,
  "baseline_fees_usd": 80147.186352,
  "delta_fees_usd": 1749.349306,
  "candidate_emergency_dd_share": 0.0,
  "baseline_emergency_dd_share": 0.0,
  "delta_emergency_dd_share_pp": 0.0,
  "candidate_buy_fills_per_episode": 5.0,
  "baseline_buy_fills_per_episode": 6.37931,
  "delta_buy_fills_per_episode": -1.37931,
  "candidate_dd_episode_count": 34,
  "baseline_dd_episode_count": 29,
  "trade_level_bootstrap": {
    "mean_diff": 1.3816738000253219e-05,
    "ci95_low": -8.743165223716743e-06,
    "ci95_high": 3.715164820680077e-05,
    "p_gt_0": 0.8829,
    "n_obs": 15647,
    "block_len": 168,
    "n_resamples": 10000,
    "seed": 1505,
    "ci_crosses_zero": true,
    "small_improvement_threshold": 0.0002,
    "is_small_improvement": true,
    "all_blocks": [
      {
        "mean_diff": 1.3816738000253219e-05,
        "ci95_low": -9.484849956540508e-06,
        "ci95_high": 3.7426566606784404e-05,
        "p_gt_0": 0.8704,
        "n_obs": 15647,
        "block_len": 42,
        "n_resamples": 10000,
        "seed": 1379
      },
      {
        "mean_diff": 1.3816738000253219e-05,
        "ci95_low": -9.238590001126428e-06,
        "ci95_high": 3.7547321782694476e-05,
        "p_gt_0": 0.8762,
        "n_obs": 15647,
        "block_len": 84,
        "n_resamples": 10000,
        "seed": 1421
      },
      {
        "mean_diff": 1.3816738000253219e-05,
        "ci95_low": -8.743165223716743e-06,
        "ci95_high": 3.715164820680077e-05,
        "p_gt_0": 0.8829,
        "n_obs": 15647,
        "block_len": 168,
        "n_resamples": 10000,
        "seed": 1505
      }
    ],
    "n_timestamps": 15647
  }
}