{
  "mean_diff": -9.96193669036419e-05,
  "ci95_low": -0.00016499835551480588,
  "ci95_high": -3.986799455165592e-05,
  "p_gt_0": 0.0006,
  "n_obs": 15647,
  "block_len": 168,
  "n_resamples": 10000,
  "seed": 1505
}