metric_name,observed_a,observed_b,observed_delta,mean_delta,std_delta,ci_lower,ci_upper,p_a_better,n_bootstrap,block_size,scenario
sharpe,0.8052653535951609,1.3726419928218099,-0.5673766392266489,-0.5692118645033272,0.18206663505877885,-0.927111585605349,-0.22752061248781694,0.0,2000,10,smart
sharpe,0.8052653535951609,1.3726419928218099,-0.5673766392266489,-0.5701313620609496,0.18524178111800307,-0.9298555758259878,-0.1952324091921332,0.0,2000,20,smart
sharpe,0.8052653535951609,1.3726419928218099,-0.5673766392266489,-0.5672904520620351,0.19347990429720843,-0.9486924651556957,-0.19420950363312972,0.001,2000,40,smart
sharpe,0.8220431467791739,1.306983068359349,-0.4849399215801752,-0.48663459444428514,0.18826023690026567,-0.8645798052106046,-0.12494205257379075,0.0035,2000,10,base
sharpe,0.8220431467791739,1.306983068359349,-0.4849399215801752,-0.48661723607875085,0.1898030683110444,-0.8605335783123184,-0.09960013009670043,0.0055,2000,20,base
sharpe,0.8220431467791739,1.306983068359349,-0.4849399215801752,-0.4846484759773396,0.19628994579620496,-0.8737395377385974,-0.10678280230285772,0.006,2000,40,base
sharpe,0.6913238167058902,1.1872187932623788,-0.4958949765564886,-0.500519356884035,0.1933988568851212,-0.8958718554168783,-0.13120034601592626,0.004,2000,10,harsh
sharpe,0.6913238167058902,1.1872187932623788,-0.4958949765564886,-0.501402168955471,0.19924199831973347,-0.8976375875029927,-0.11288369611042194,0.0075,2000,20,harsh
sharpe,0.6913238167058902,1.1872187932623788,-0.4958949765564886,-0.4973514248919572,0.20431600459202925,-0.8925314995802852,-0.10499603236622868,0.0075,2000,40,harsh
