scenario,model,total_score,return_term,mdd_penalty,sharpe_term,profit_factor_term,trade_count_term,reject_term,residual
smart,candidate,42.412400000000005,46.050000000000004,-14.622,6.4464,2.438,2.1,0.0,0.0
base,candidate,47.1958,49.25,-14.052000000000001,6.9048,3.093,2.0,0.0,0.0
harsh,candidate,28.9949,34.825,-15.888,5.5824,2.4755000000000003,2.0,0.0,0.0
smart,baseline,108.18889999999999,103.77499999999999,-14.466,10.8224,5.6575,2.4,0.0,0.0
base,baseline,97.869,94.825,-14.843999999999998,10.092,5.396000000000001,2.4,0.0,0.0
harsh,baseline,86.1051,84.75,-15.234,9.2616,4.9275,2.4,0.0,0.0
