{
  "scenario": "harsh",
  "candidate_trades": 86,
  "baseline_trades": 98,
  "matched_trades": 75,
  "candidate_only_trades": 11,
  "baseline_only_trades": 23,
  "match_rate": 0.872093,
  "matched_delta_pnl_mean": -860.868929,
  "matched_delta_pnl_median": -17.411002,
  "matched_delta_return_mean": -1.633694,
  "matched_delta_return_median": -0.308144,
  "matched_win_rate_baseline": 0.493333,
  "matched_win_rate_candidate": 0.506667,
  "matched_win_rate_delta": 0.013333,
  "matched_p_positive": 0.466667,
  "matched_block_bootstrap_ci_lower": -0.000165,
  "matched_block_bootstrap_ci_upper": -4e-05,
  "matched_block_bootstrap_p_positive": 0.0006,
  "trade_level_bootstrap": {
    "mean_diff": -9.96193669036419e-05,
    "ci95_low": -0.00016499835551480588,
    "ci95_high": -3.986799455165592e-05,
    "p_gt_0": 0.0006,
    "n_obs": 15647,
    "block_len": 168,
    "n_resamples": 10000,
    "seed": 1505,
    "ci_crosses_zero": false,
    "small_improvement_threshold": 0.0002,
    "is_small_improvement": true,
    "all_blocks": [
      {
        "mean_diff": -9.96193669036419e-05,
        "ci95_low": -0.0001587335687682439,
        "ci95_high": -4.146931083196495e-05,
        "p_gt_0": 0.0001,
        "n_obs": 15647,
        "block_len": 42,
        "n_resamples": 10000,
        "seed": 1379
      },
      {
        "mean_diff": -9.96193669036419e-05,
        "ci95_low": -0.00016041186123069045,
        "ci95_high": -4.181781678138158e-05,
        "p_gt_0": 0.0003,
        "n_obs": 15647,
        "block_len": 84,
        "n_resamples": 10000,
        "seed": 1421
      },
      {
        "mean_diff": -9.96193669036419e-05,
        "ci95_low": -0.00016499835551480588,
        "ci95_high": -3.986799455165592e-05,
        "p_gt_0": 0.0006,
        "n_obs": 15647,
        "block_len": 168,
        "n_resamples": 10000,
        "seed": 1505
      }
    ],
    "n_timestamps": 15647
  }
}