scenario,model,total_score,return_term,mdd_penalty,sharpe_term,profit_factor_term,trade_count_term,reject_term,residual
smart,candidate,103.6487,93.9,-8.754,10.9112,4.4915,3.1,0.0,0.0
base,candidate,88.22229999999999,80.725,-9.318,9.6888,4.0264999999999995,3.1,0.0,0.0
harsh,candidate,71.40070000000001,67.35000000000001,-10.938,8.3992,3.4894999999999996,3.1,0.0,0.0
smart,baseline,101.1604,92.125,-9.209999999999999,10.3944,4.351000000000001,3.5,0.0,0.0
base,baseline,83.5206,77.375,-10.26,9.0736,3.832,3.5,0.0,0.0
harsh,baseline,65.4203,62.474999999999994,-11.478,7.6808,3.2425000000000006,3.5,0.0,0.0
