{
  "scenario": "harsh",
  "candidate_trades": 172,
  "baseline_trades": 192,
  "matched_trades": 159,
  "candidate_only_trades": 13,
  "baseline_only_trades": 33,
  "match_rate": 0.924419,
  "matched_delta_pnl_mean": 54.995852,
  "matched_delta_pnl_median": -7.838469,
  "matched_delta_return_mean": 0.002633,
  "matched_delta_return_median": 0.0,
  "matched_win_rate_baseline": 0.427673,
  "matched_win_rate_candidate": 0.433962,
  "matched_win_rate_delta": 0.006289,
  "matched_p_positive": 0.477987,
  "matched_block_bootstrap_ci_lower": -1.3e-05,
  "matched_block_bootstrap_ci_upper": 2.5e-05,
  "matched_block_bootstrap_p_positive": 0.7484,
  "candidate_fees_usd": 56566.448939,
  "baseline_fees_usd": 58985.535216,
  "delta_fees_usd": -2419.086277,
  "candidate_emergency_dd_share": 0.0,
  "baseline_emergency_dd_share": 0.0,
  "delta_emergency_dd_share_pp": 0.0,
  "candidate_buy_fills_per_episode": 6.107143,
  "baseline_buy_fills_per_episode": 6.821429,
  "delta_buy_fills_per_episode": -0.714286,
  "candidate_dd_episode_count": 28,
  "baseline_dd_episode_count": 28,
  "trade_level_bootstrap": {
    "mean_diff": 6.753115254085426e-06,
    "ci95_low": -1.2935300300631256e-05,
    "ci95_high": 2.506029042100639e-05,
    "p_gt_0": 0.7484,
    "n_obs": 15647,
    "block_len": 168,
    "n_resamples": 10000,
    "seed": 1505,
    "ci_crosses_zero": true,
    "small_improvement_threshold": 0.0002,
    "is_small_improvement": true,
    "all_blocks": [
      {
        "mean_diff": 6.753115254085426e-06,
        "ci95_low": -1.3003421837141273e-05,
        "ci95_high": 2.6690007841694613e-05,
        "p_gt_0": 0.7503,
        "n_obs": 15647,
        "block_len": 42,
        "n_resamples": 10000,
        "seed": 1379
      },
      {
        "mean_diff": 6.753115254085426e-06,
        "ci95_low": -1.3735490498034882e-05,
        "ci95_high": 2.6425308900498915e-05,
        "p_gt_0": 0.7445,
        "n_obs": 15647,
        "block_len": 84,
        "n_resamples": 10000,
        "seed": 1421
      },
      {
        "mean_diff": 6.753115254085426e-06,
        "ci95_low": -1.2935300300631256e-05,
        "ci95_high": 2.506029042100639e-05,
        "p_gt_0": 0.7484,
        "n_obs": 15647,
        "block_len": 168,
        "n_resamples": 10000,
        "seed": 1505
      }
    ],
    "n_timestamps": 15647
  }
}