{
  "grid_size": 72,
  "n_beat_v11": 41,
  "n_beat_v10": 42,
  "n_promoted": 3,
  "v10_score": 88.94,
  "v11_score": 90.8,
  "promoted": [
    "b5_t3.0_hY_s0.5",
    "b5_t3.0_hN_s0.5",
    "b7_t3.0_hN_s0.5"
  ],
  "candidates_wfo": {
    "b5_t3.0_hY_s0.5": {
      "wins": 6,
      "win_pct": 60.0,
      "scores": [
        292.38460000000003,
        3.6994999999999987,
        0.0,
        0.0,
        -5.5721,
        167.6148,
        179.3791,
        187.9508,
        -76.662,
        -18.361
      ]
    },
    "b5_t3.0_hY_s1.0": {
      "wins": 5,
      "win_pct": 50.0,
      "scores": [
        292.38460000000003,
        3.6994999999999987,
        0.0,
        0.0,
        -25.840999999999998,
        167.6148,
        179.3791,
        187.9508,
        -77.27199999999999,
        -18.092
      ]
    },
    "b5_t3.0_hN_s0.5": {
      "wins": 7,
      "win_pct": 70.0,
      "scores": [
        291.4936000000001,
        3.0754,
        0.0,
        0.0,
        -5.5721,
        168.2308,
        178.3284,
        187.8386,
        -76.301,
        -18.911
      ]
    },
    "b5_t3.0_hN_s1.0": {
      "wins": 5,
      "win_pct": 50.0,
      "scores": [
        292.38460000000003,
        3.6994999999999987,
        0.0,
        0.0,
        -25.840999999999998,
        167.6148,
        179.3791,
        187.9508,
        -77.27199999999999,
        -18.092
      ]
    },
    "b6_t3.0_hY_s0.5": {
      "wins": 6,
      "win_pct": 60.0,
      "scores": [
        292.38460000000003,
        3.0021999999999984,
        0.0,
        0.0,
        -12.363999999999997,
        167.6148,
        177.28089999999997,
        187.9508,
        -76.662,
        -17.085
      ]
    },
    "b6_t3.0_hY_s1.0": {
      "wins": 5,
      "win_pct": 50.0,
      "scores": [
        292.38460000000003,
        3.0021999999999984,
        0.0,
        0.0,
        -31.063000000000002,
        167.6148,
        177.28089999999997,
        187.9508,
        -77.27199999999999,
        -16.816000000000003
      ]
    },
    "b6_t3.0_hN_s0.5": {
      "wins": 6,
      "win_pct": 60.0,
      "scores": [
        291.4936000000001,
        3.0021999999999984,
        0.0,
        0.0,
        -12.363999999999997,
        167.302,
        177.61819999999997,
        185.25999999999996,
        -76.301,
        -17.085
      ]
    },
    "b6_t3.0_hN_s1.0": {
      "wins": 5,
      "win_pct": 50.0,
      "scores": [
        292.38460000000003,
        3.0021999999999984,
        0.0,
        0.0,
        -31.063000000000002,
        167.6148,
        177.28089999999997,
        187.9508,
        -77.27199999999999,
        -16.816000000000003
      ]
    },
    "b7_t2.5_hY_s0.5": {
      "wins": 4,
      "win_pct": 40.0,
      "scores": [
        240.18740000000003,
        -9.6302,
        0.0,
        0.0,
        -10.665,
        167.6148,
        180.96299999999997,
        193.49099999999999,
        -72.726,
        -5.300599999999999
      ]
    },
    "b7_t3.0_hY_s0.5": {
      "wins": 6,
      "win_pct": 60.0,
      "scores": [
        292.38460000000003,
        -9.6302,
        0.0,
        0.0,
        -10.665,
        167.6148,
        172.4471,
        185.62119999999996,
        -71.976,
        -17.116
      ]
    },
    "b7_t3.0_hY_s1.0": {
      "wins": 4,
      "win_pct": 40.0,
      "scores": [
        292.38460000000003,
        -9.6302,
        0.0,
        0.0,
        -29.938000000000002,
        167.6148,
        172.4471,
        185.62119999999996,
        -72.586,
        -16.816000000000003
      ]
    },
    "b7_t3.0_hN_s0.5": {
      "wins": 6,
      "win_pct": 60.0,
      "scores": [
        292.38460000000003,
        -9.6302,
        0.0,
        0.0,
        -10.665,
        167.6148,
        172.4471,
        183.80839999999998,
        -71.976,
        -17.116
      ]
    },
    "b7_t3.0_hN_s1.0": {
      "wins": 4,
      "win_pct": 40.0,
      "scores": [
        292.38460000000003,
        -9.6302,
        0.0,
        0.0,
        -29.938000000000002,
        167.6148,
        172.4471,
        185.62119999999996,
        -72.586,
        -16.816000000000003
      ]
    },
    "b8_t2.5_hY_s0.5": {
      "wins": 4,
      "win_pct": 40.0,
      "scores": [
        315.28440000000006,
        -9.6302,
        0.0,
        0.0,
        -1.7137999999999995,
        167.6148,
        169.55589999999998,
        195.39579999999998,
        -72.926,
        -4.647
      ]
    },
    "b8_t2.5_hY_s1.0": {
      "wins": 3,
      "win_pct": 30.0,
      "scores": [
        315.28440000000006,
        -9.6302,
        0.0,
        0.0,
        -23.463,
        167.6148,
        169.55589999999998,
        195.39579999999998,
        -73.536,
        -4.647
      ]
    },
    "b8_t2.5_hN_s0.5": {
      "wins": 4,
      "win_pct": 40.0,
      "scores": [
        315.28440000000006,
        -9.6302,
        0.0,
        0.0,
        -1.7137999999999995,
        167.6148,
        169.55589999999998,
        193.56039999999996,
        -72.926,
        -4.647
      ]
    },
    "b8_t2.5_hN_s1.0": {
      "wins": 3,
      "win_pct": 30.0,
      "scores": [
        315.28440000000006,
        -9.6302,
        0.0,
        0.0,
        -23.463,
        167.6148,
        169.55589999999998,
        195.39579999999998,
        -73.536,
        -4.647
      ]
    },
    "b8_t3.0_hY_s0.5": {
      "wins": 3,
      "win_pct": 30.0,
      "scores": [
        281.8816,
        -9.6302,
        0.0,
        0.0,
        -1.7137999999999995,
        167.6148,
        169.55589999999998,
        154.2572,
        -71.976,
        -16.592
      ]
    },
    "b8_t3.0_hY_s1.0": {
      "wins": 1,
      "win_pct": 10.0,
      "scores": [
        281.8816,
        -9.6302,
        0.0,
        0.0,
        -23.463,
        167.6148,
        169.55589999999998,
        154.2572,
        -72.586,
        -16.592
      ]
    },
    "b8_t3.0_hN_s0.5": {
      "wins": 3,
      "win_pct": 30.0,
      "scores": [
        281.8816,
        -9.6302,
        0.0,
        0.0,
        -1.7137999999999995,
        167.6148,
        169.55589999999998,
        152.5824,
        -71.976,
        -16.592
      ]
    },
    "b8_t3.0_hN_s1.0": {
      "wins": 1,
      "win_pct": 10.0,
      "scores": [
        281.8816,
        -9.6302,
        0.0,
        0.0,
        -23.463,
        167.6148,
        169.55589999999998,
        154.2572,
        -72.586,
        -16.592
      ]
    },
    "b9_t2.5_hY_s0.5": {
      "wins": 3,
      "win_pct": 30.0,
      "scores": [
        292.6702,
        -9.6302,
        0.0,
        0.0,
        -23.463,
        167.6148,
        169.55589999999998,
        154.2572,
        -71.976,
        -13.9964
      ]
    },
    "b9_t2.5_hY_s1.0": {
      "wins": 2,
      "win_pct": 20.0,
      "scores": [
        292.6702,
        -9.6302,
        0.0,
        0.0,
        -23.463,
        167.6148,
        169.55589999999998,
        154.2572,
        -72.586,
        -13.9964
      ]
    },
    "b9_t2.5_hN_s0.5": {
      "wins": 4,
      "win_pct": 40.0,
      "scores": [
        292.6702,
        -9.6302,
        0.0,
        0.0,
        -23.463,
        167.6148,
        169.55589999999998,
        155.98459999999997,
        -71.976,
        -13.9964
      ]
    },
    "b9_t2.5_hN_s1.0": {
      "wins": 2,
      "win_pct": 20.0,
      "scores": [
        292.6702,
        -9.6302,
        0.0,
        0.0,
        -23.463,
        167.6148,
        169.55589999999998,
        154.2572,
        -72.586,
        -13.9964
      ]
    },
    "b9_t3.0_hY_s0.5": {
      "wins": 1,
      "win_pct": 10.0,
      "scores": [
        281.8816,
        -9.6302,
        0.0,
        0.0,
        -23.463,
        167.6148,
        169.55589999999998,
        154.2572,
        -71.976,
        -24.217
      ]
    },
    "b9_t3.0_hY_s1.0": {
      "wins": 0,
      "win_pct": 0.0,