scenario,sharpe_v11,sharpe_v10,delta,delta_mean,delta_std,ci_lower,ci_upper,p_v11_better,n_bootstrap,block_size,seed
smart,1.4051394032714455,1.3855829616313289,0.019556441640116606,0.01986669860455847,0.01497979311164353,-0.00465660238957076,0.0533831321305725,0.924,5000,20,42
base,1.3413087528381802,1.321918395202039,0.019390357636141164,0.01970026146713601,0.014933955857412662,-0.0047268298965087415,0.053007598248244754,0.9216,5000,20,42
harsh,1.1700436356699473,1.1509881802073423,0.01905545546260501,0.019369101551170047,0.015029549356454754,-0.005257556031619364,0.05268800425613432,0.917,5000,20,42
