{
  "description": "Selection bias analysis: CSCV/PBO + Deflated Sharpe",
  "n_configs": 28,
  "n_blocks": 10,
  "n_cscv_combinations": 252,
  "scenario": "harsh",
  "selected_config": "V11_0.95_2.7_0.95",
  "cscv_pbo": {
    "score_no_reject": {
      "pbo": 0.1389,
      "mean_oos_rank": 5.93,
      "median_oos_rank": 2.5,
      "rank_histogram": [
        76,
        50,
        20,
        0,
        15,
        0,
        35,
        0,
        0,
        0,
        0,
        0,
        21,
        0,
        0,
        0,
        0,
        0,
        35,
        0,
        0,
        0,
        0,
        0,
        0,
        0,
        0,
        0
      ],
      "logit_mean": -1.8227,
      "logit_std": 1.4147
    },
    "total_return_pct": {
      "pbo": 0.1389,
      "mean_oos_rank": 5.93
    }
  },
  "deflated_sharpe": {
    "sr_observed": 1.147,
    "n_trials": 28,
    "T_observations": 2607,
    "skewness": 1.4183,
    "kurtosis": 24.7419,
    "e_max_sr_null": 0.1073,
    "se_sr": 0.0525,
    "dsr_pvalue": 1.0,
    "dsr_pass": true,
    "note": "manual approximation (scipy unavailable)"
  },
  "perf_matrix_score": [
    [
      265.353,
      -9.6302,
      0.0,
      0.0,
      -23.463,
      148.28879999999998,
      171.12709999999998,
      158.5794,
      -72.586,
      -24.217
    ],
    [
      268.0502,
      -9.6302,
      0.0,
      0.0,
      -23.463,
      167.04319999999998,
      85.5148,
      145.83419999999998,
      -72.586,
      -24.217
    ],
    [
      277.724,
      -9.6302,
      0.0,
      0.0,
      -23.463,
      167.98080000000002,
      169.47099999999998,
      151.96129999999997,
      -72.586,
      -24.217
    ],
    [
      279.62840000000006,
      -9.6302,
      0.0,
      0.0,
      -23.463,
      168.2928,
      170.1238,
      154.02489999999997,
      -72.586,
      -24.217
    ],
    [
      268.0502,
      -9.6302,
      0.0,
      0.0,
      -23.463,
      167.04319999999998,
      85.5148,
      145.83419999999998,
      -72.586,
      -24.217
    ],
    [
      277.724,
      -9.6302,
      0.0,
      0.0,
      -23.463,
      167.98080000000002,
      169.47099999999998,
      151.96129999999997,
      -72.586,
      -24.217
    ],
    [
      279.62840000000006,
      -9.6302,
      0.0,
      0.0,
      -23.463,
      168.2928,
      170.1238,
      154.02489999999997,
      -72.586,
      -24.217
    ],
    [
      245.76980000000003,
      -9.6302,
      0.0,
      0.0,
      -23.463,
      146.69420000000002,
      85.5148,
      145.83419999999998,
      -72.586,
      -24.217
    ],
    [
      255.04819999999998,
      -9.6302,
      0.0,
      0.0,
      -23.463,
      147.585,
      169.47099999999998,
      151.96129999999997,
      -72.586,
      -24.217
    ],
    [
      256.85900000000004,
      -9.6302,
      0.0,
      0.0,
      -23.463,
      147.87279999999998,
      170.1238,
      154.02489999999997,
      -72.586,
      -24.217
    ],
    [
      269.66540000000003,
      -9.6302,
      0.0,
      0.0,
      -23.463,
      167.27779999999998,
      85.51079999999999,
      146.8311,
      -72.586,
      -24.217
    ],
    [
      279.79940000000005,
      -9.6302,
      0.0,
      0.0,
      -23.463,
      168.2662,
      169.5137,
      153.1501,
      -72.586,
      -24.217
    ],
    [
      281.8212000000001,
      -9.6302,
      0.0,
      0.0,
      -23.463,
      167.6672,
      170.1912,
      155.2688,
      -72.586,
      -24.217
    ],
    [
      269.66540000000003,
      -9.6302,
      0.0,
      0.0,
      -23.463,
      167.27779999999998,
      85.51079999999999,
      146.8311,
      -72.586,
      -24.217
    ],
    [
      279.79940000000005,
      -9.6302,
      0.0,
      0.0,
      -23.463,
      168.2662,
      169.5137,
      153.1501,
      -72.586,
      -24.217
    ],
    [
      281.8212000000001,
      -9.6302,
      0.0,
      0.0,
      -23.463,
      167.6672,
      170.1912,
      155.2688,
      -72.586,
      -24.217
    ],
    [
      247.31320000000002,
      -9.6302,
      0.0,
      0.0,
      -23.463,
      146.9046,
      85.51079999999999,
      146.8311,
      -72.586,
      -24.217
    ],
    [
      257.02840000000003,
      -9.6302,
      0.0,
      0.0,
      -23.463,
      147.847,
      169.5137,
      153.1501,
      -72.586,
      -24.217
    ],
    [
      258.9574,
      -9.6302,
      0.0,
      0.0,
      -23.463,
      147.2956,
      170.1912,
      155.2688,
      -72.586,
      -24.217
    ],
    [
      271.3056,
      -9.6302,
      0.0,
      0.0,
      -23.463,
      167.51160000000002,
      85.50599999999999,
      147.74810000000002,
      -72.586,
      -24.217
    ],
    [
      281.8816,
      -9.6302,
      0.0,
      0.0,
      -23.463,
      167.6148,
      169.55589999999998,
      154.2572,
      -72.586,
      -24.217
    ],
    [
      284.0156,
      -9.6302,
      0.0,
      0.0,
      -23.463,
      168.00419999999997,
      170.28359999999998,
      156.45549999999997,
      -72.586,
      -24.217
    ],
    [
      271.3056,
      -9.6302,
      0.0,
      0.0,
      -23.463,
      167.51160000000002,
      85.50599999999999,
      147.74810000000002,
      -72.586,
      -24.217
    ],
    [
      281.8816,
      -9.6302,
      0.0,
      0.0,
      -23.463,
      167.6148,
      169.55589999999998,
      154.2572,
      -72.586,
      -24.217
    ],
    [
      284.0156,
      -9.6302,
      0.0,
      0.0,
      -23.463,
      168.00419999999997,
      170.28359999999998,
      156.45549999999997,
      -72.586,
      -24.217
    ],
    [
      248.90740000000002,
      -9.6302,
      0.0,
      0.0,
      -23.463,
      147.11419999999998,
      85.50599999999999,
      147.74810000000002,
      -72.586,
      -24.217
    ],
    [
      259.04040000000003,
      -9.6302,
      0.0,
      0.0,
      -23.463,
      147.2182,
      169.55589999999998,
      154.2572,
      -72.586,
      -24.217
    ],
    [
      261.0574,
      -9.6302,
      0.0,
      0.0,
      -23.463,
      147.6092,
      170.28359999999998,
      156.45549999999997,
      -72.586,
      -24.217
    ]
  ],