metric_name,observed_a,observed_b,observed_delta,mean_delta,std_delta,ci_lower,ci_upper,p_a_better,n_bootstrap,block_size,scenario
sharpe,1.5204520063792804,1.5204520063792804,0.0,0.0,0.0,0.0,0.0,0.0,2000,10,smart
sharpe,1.5204520063792804,1.5204520063792804,0.0,0.0,0.0,0.0,0.0,0.0,2000,20,smart
sharpe,1.5204520063792804,1.5204520063792804,0.0,0.0,0.0,0.0,0.0,0.0,2000,40,smart
sharpe,1.3964268824597723,1.3964268824597723,0.0,0.0,0.0,0.0,0.0,0.0,2000,10,base
sharpe,1.3964268824597723,1.3964268824597723,0.0,0.0,0.0,0.0,0.0,0.0,2000,20,base
sharpe,1.3964268824597723,1.3964268824597723,0.0,0.0,0.0,0.0,0.0,0.0,2000,40,base
sharpe,1.265330179633677,1.265330179633677,0.0,0.0,0.0,0.0,0.0,0.0,2000,10,harsh
sharpe,1.265330179633677,1.265330179633677,0.0,0.0,0.0,0.0,0.0,0.0,2000,20,harsh
sharpe,1.265330179633677,1.265330179633677,0.0,0.0,0.0,0.0,0.0,0.0,2000,40,harsh
