year,d1_ret_60_q50_trailing1095d,h4_trendq_84_entry_q60_expanding,h4_trendq_84_hold_q50_expanding
2020,0.017331177924108765,0.4431803227111195,0.1846931683427403
2021,0.11793947047366271,0.5944889964511745,0.37315255930191016
2022,0.166431656916032,0.5303171263631002,0.2734893615913385
2023,0.028800968777088487,0.39566761025783714,0.12104510849670205
2024,0.03833606476801399,0.4154264628390459,0.15015314698856666
2025,0.013723269349833478,0.4302275569724406,0.15890950056860773
2026,0.07933136207917046,0.38985670664013455,0.1264993761241605
