{
  "configs": {
    "CUSTOM": {
      "slow": 200,
      "fast": 50,
      "trail": 3.0
    },
    "DEFAULT": {
      "slow": 120,
      "fast": 30,
      "trail": 3.0
    }
  },
  "real_data": {
    "CUSTOM": {
      "sharpe": 1.4316442351131629,
      "cagr": 63.09765451193661,
      "mdd": 41.84180216812447,
      "calmar": 1.508005182434639,
      "trades": 188,
      "final_nav": 172660.26231532422
    },
    "DEFAULT": {
      "sharpe": 1.2764696186786848,
      "cagr": 52.67921028833984,
      "mdd": 41.53306852673476,
      "calmar": 1.2683678850848772,
      "trades": 211,
      "final_nav": 138022.85782206693
    }
  },
  "real_data_timescale": {
    "CUSTOM": {
      "30": {
        "sharpe": 0.6726050744232133,
        "cagr": 21.05982220110787,
        "mdd": 71.86994965530371,
        "calmar": 0.29302681165234046,
        "trades": 342,
        "final_nav": 34352.50705040456
      },
      "48": {
        "sharpe": 0.6538441952814239,
        "cagr": 19.817144980775115,
        "mdd": 62.40332757310982,
        "calmar": 0.3175655169599403,
        "trades": 280,
        "final_nav": 29282.10361337234
      },
      "60": {
        "sharpe": 0.7967203853617129,
        "cagr": 26.68905742856267,
        "mdd": 54.063514698490735,
        "calmar": 0.4936611609031726,
        "trades": 257,
        "final_nav": 48944.58113271263
      },
      "72": {
        "sharpe": 0.9934148806086438,
        "cagr": 36.436672847590025,
        "mdd": 50.05276118713135,
        "calmar": 0.7279652906932526,
        "trades": 231,
        "final_nav": 83081.11474523395
      },
      "84": {
        "sharpe": 1.1287744301098868,
        "cagr": 43.93505113430884,
        "mdd": 47.94110602668539,
        "calmar": 0.9164379960248171,
        "trades": 218,
        "final_nav": 107113.9897607453
      },
      "96": {
        "sharpe": 1.0768702386658864,
        "cagr": 41.10614940717474,
        "mdd": 47.456753514197494,
        "calmar": 0.8661812358251,
        "trades": 217,
        "final_nav": 89045.43336659367
      },
      "108": {
        "sharpe": 1.2091474921114136,
        "cagr": 48.58498941767368,
        "mdd": 43.98663621041098,
        "calmar": 1.1045397785196938,
        "trades": 216,
        "final_nav": 113029.41051034631
      },
      "120": {
        "sharpe": 1.2764696186786848,
        "cagr": 52.67921028833984,
        "mdd": 41.53306852673476,
        "calmar": 1.2683678850848772,
        "trades": 211,
        "final_nav": 138022.85782206693
      },
      "144": {
        "sharpe": 1.3277763810857133,
        "cagr": 55.865728552440366,
        "mdd": 42.33302463770416,
        "calmar": 1.3196725022733957,
        "trades": 199,
        "final_nav": 140257.38059019903
      },
      "168": {
        "sharpe": 1.1931112114598608,
        "cagr": 48.12008203860743,
        "mdd": 50.34149935419136,
        "calmar": 0.9558730402534389,
        "trades": 201,
        "final_nav": 105867.00693499368
      },
      "200": {
        "sharpe": 1.4316442351131629,
        "cagr": 63.09765451193661,
        "mdd": 41.84180216812447,
        "calmar": 1.508005182434639,
        "trades": 188,
        "final_nav": 172660.26231532422
      },
      "240": {
        "sharpe": 1.2268135350018603,
        "cagr": 50.50261242481435,
        "mdd": 42.00860030213259,
        "calmar": 1.2021969801800456,
        "trades": 188,
        "final_nav": 95612.79005668985
      },
      "300": {
        "sharpe": 1.0168742033153153,
        "cagr": 38.93084628063033,
        "mdd": 47.006499796857526,
        "calmar": 0.8282013434072564,
        "trades": 197,
        "final_nav": 48946.95393746038
      },
      "360": {
        "sharpe": 1.1140055093054597,
        "cagr": 45.11071799693924,
        "mdd": 48.81756176186569,
        "calmar": 0.924067412809173,
        "trades": 194,
        "final_nav": 77930.474715538
      },
      "500": {
        "sharpe": 1.0743604087149372,
        "cagr": 43.25581228285302,
        "mdd": 49.49016026560088,
        "calmar": 0.8740285351817467,
        "trades": 193,
        "final_nav": 84408.02710847351
      },
      "720": {
        "sharpe": 0.8377147717922729,
        "cagr": 30.67529927812651,
        "mdd": 59.81076923900754,
        "calmar": 0.5128725088879247,
        "trades": 199,
        "final_nav": 50738.95902000511
      }
    },
    "DEFAULT": {
      "30": {
        "sharpe": 0.6726050744232133,
        "cagr": 21.05982220110787,
        "mdd": 71.86994965530371,
        "calmar": 0.29302681165234046,
        "trades": 342,
        "final_nav": 34352.50705040456
      },
      "48": {
        "sharpe": 0.6538441952814239,
        "cagr": 19.817144980775115,
        "mdd": 62.40332757310982,
        "calmar": 0.3175655169599403,
        "trades": 280,
        "final_nav": 29282.10361337234
      },
      "60": {
        "sharpe": 0.7967203853617129,
        "cagr": 26.68905742856267,
        "mdd": 54.063514698490735,
        "calmar": 0.4936611609031726,
        "trades": 257,
        "final_nav": 48944.58113271263
      },
      "72": {
        "sharpe": 0.9934148806086438,
        "cagr": 36.436672847590025,
        "mdd": 50.05276118713135,
        "calmar": 0.7279652906932526,
        "trades": 231,
        "final_nav": 83081.11474523395
      },
      "84": {
        "sharpe": 1.1287744301098868,
        "cagr": 43.93505113430884,
        "mdd": 47.94110602668539,
        "calmar": 0.9164379960248171,
        "trades": 218,
        "final_nav": 107113.9897607453
      },
      "96": {
        "sharpe": 1.0768702386658864,
        "cagr": 41.10614940717474,
        "mdd": 47.456753514197494,
        "calmar": 0.8661812358251,
        "trades": 217,
        "final_nav": 89045.43336659367
      },
      "108": {
        "sharpe": 1.2091474921114136,
        "cagr": 48.58498941767368,
        "mdd": 43.98663621041098,
        "calmar": 1.1045397785196938,
        "trades": 216,
        "final_nav": 113029.41051034631
      },
      "120": {
        "sharpe": 1.2764696186786848,
        "cagr": 52.67921028833984,
        "mdd": 41.53306852673476,
        "calmar": 1.2683678850848772,
        "trades": 211,
        "final_nav": 138022.85782206693
      },
      "144": {
        "sharpe": 1.3277763810857133,
        "cagr": 55.865728552440366,
        "mdd": 42.33302463770416,
        "calmar": 1.3196725022733957,
        "trades": 199,
        "final_nav": 140257.38059019903
      },
      "168": {
        "sharpe": 1.1931112114598608,
        "cagr": 48.12008203860743,
        "mdd": 50.34149935419136,
        "calmar": 0.9558730402534389,
        "trades": 201,
        "final_nav": 105867.00693499368
      },
      "200": {
        "sharpe": 1.4316442351131629,
        "cagr": 63.09765451193661,
        "mdd": 41.84180216812447,
        "calmar": 1.508005182434639,
        "trades": 188,
        "final_nav": 172660.26231532422
      },
      "240": {
        "sharpe": 1.2268135350018603,
        "cagr": 50.50261242481435,
        "mdd": 42.00860030213259,
        "calmar": 1.2021969801800456,
        "trades": 188,
        "final_nav": 95612.79005668985
      },
      "300": {
        "sharpe": 1.0168742033153153,
        "cagr": 38.93084628063033,
        "mdd": 47.006499796857526,
        "calmar": 0.8282013434072564,
        "trades": 197,
        "final_nav": 48946.95393746038
      },
      "360": {
        "sharpe": 1.1140055093054597,
        "cagr": 45.11071799693924,
        "mdd": 48.81756176186569,
        "calmar": 0.924067412809173,
        "trades": 194,
        "final_nav": 77930.474715538
      },
      "500": {
        "sharpe": 1.0743604087149372,
        "cagr": 43.25581228285302,
        "mdd": 49.49016026560088,
        "calmar": 0.8740285351817467,
        "trades": 193,
        "final_nav": 84408.02710847351
      },
      "720": {
        "sharpe": 0.8377147717922729,
        "cagr": 30.67529927812651,
        "mdd": 59.81076923900754,