metric_name,observed_a,observed_b,observed_delta,mean_delta,std_delta,ci_lower,ci_upper,p_a_better,n_bootstrap,block_size,scenario
sharpe,1.020592330556259,1.5204520063792804,-0.4998596758230214,-0.5063904497901863,0.2380664213026139,-0.9701584977883292,-0.054053588747446354,0.0155,2000,10,smart
sharpe,1.020592330556259,1.5204520063792804,-0.4998596758230214,-0.49956437885271315,0.23734565000469923,-0.9646842263043715,-0.013184890920347095,0.021,2000,20,smart
sharpe,1.020592330556259,1.5204520063792804,-0.4998596758230214,-0.5038928331136178,0.23899378803435448,-0.9828327269108443,-0.047938105404667475,0.0115,2000,40,smart
sharpe,0.9162867433678479,1.3964268824597723,-0.48014013909192443,-0.4869934518302486,0.24014106628187631,-0.9542428006788403,-0.02860864052170655,0.0185,2000,10,base
sharpe,0.9162867433678479,1.3964268824597723,-0.48014013909192443,-0.47982967981194397,0.23949983009497045,-0.9465722427324956,0.013039203143289676,0.0275,2000,20,base
sharpe,0.9162867433678479,1.3964268824597723,-0.48014013909192443,-0.48412247174841394,0.24157423083808052,-0.9675731950590207,-0.023310264045855643,0.0175,2000,40,base
sharpe,0.8060685927011724,1.265330179633677,-0.45926158693250474,-0.46645377658506004,0.24246440307168687,-0.9341013530494218,-0.006600318356551343,0.024,2000,10,harsh
sharpe,0.8060685927011724,1.265330179633677,-0.45926158693250474,-0.45893635172258873,0.24188176600017508,-0.9301183961574487,0.034334964826578385,0.031,2000,20,harsh
sharpe,0.8060685927011724,1.265330179633677,-0.45926158693250474,-0.4631901005391841,0.24438337101822324,-0.9495496255633378,0.004267069605875744,0.026,2000,40,harsh
