{
  "mean_diff": -0.00011123141854031014,
  "ci95_low": -0.00020252598142515737,
  "ci95_high": -2.3277382831278293e-05,
  "p_gt_0": 0.0072,
  "n_obs": 15647,
  "block_len": 168,
  "n_resamples": 10000,
  "seed": 1505
}