scenario,model,total_score,return_term,mdd_penalty,sharpe_term,profit_factor_term,trade_count_term,reject_term,residual
smart,candidate,22.1433,23.575,-10.248,4.4848,1.9315000000000004,2.4,0.0,0.0
base,candidate,11.6384,15.425,-10.914,3.2384,1.4890000000000003,2.4,0.0,0.0
harsh,candidate,0.7501000000000013,7.075,-11.645999999999999,1.9256,0.9955000000000003,2.4,0.0,0.0
smart,baseline,101.1604,92.125,-9.209999999999999,10.3944,4.351000000000001,3.5,0.0,0.0
base,baseline,83.5206,77.375,-10.26,9.0736,3.832,3.5,0.0,0.0
harsh,baseline,65.4203,62.474999999999994,-11.478,7.6808,3.2425000000000006,3.5,0.0,0.0
