scenario,model,total_score,return_term,mdd_penalty,sharpe_term,profit_factor_term,trade_count_term,reject_term,residual
smart,candidate,68.83680000000001,77.45,-24.791999999999998,8.1648,3.0140000000000002,5.0,0.0,0.0
base,candidate,54.4969,66.975,-27.474,7.3304,2.6654999999999998,5.0,0.0,0.0
harsh,candidate,39.92280000000001,56.275000000000006,-30.084,6.4488,2.2829999999999995,5.0,0.0,0.0
smart,baseline,167.899,169.875,-23.105999999999998,12.164,3.9659999999999993,5.0,0.0,0.0
base,baseline,145.7092,150.025,-24.023999999999997,11.1712,3.537,5.0,0.0,0.0
harsh,baseline,123.3249,130.1,-24.965999999999998,10.1224,3.0684999999999993,5.0,0.0,0.0
