{
  "scenario": "harsh",
  "candidate_trades": 129,
  "baseline_trades": 192,
  "matched_trades": 28,
  "candidate_only_trades": 101,
  "baseline_only_trades": 164,
  "match_rate": 0.217054,
  "matched_delta_pnl_mean": 1415.039905,
  "matched_delta_pnl_median": 1160.218001,
  "matched_delta_return_mean": -0.500028,
  "matched_delta_return_median": 0.0,
  "matched_win_rate_baseline": 0.214286,
  "matched_win_rate_candidate": 0.25,
  "matched_win_rate_delta": 0.035714,
  "matched_p_positive": 0.857143,
  "matched_block_bootstrap_ci_lower": -0.000203,
  "matched_block_bootstrap_ci_upper": -2.3e-05,
  "matched_block_bootstrap_p_positive": 0.0072,
  "candidate_fees_usd": 12039.925969,
  "baseline_fees_usd": 58985.535216,
  "delta_fees_usd": -46945.609247,
  "candidate_emergency_dd_share": 0.0,
  "baseline_emergency_dd_share": 0.0,
  "delta_emergency_dd_share_pp": 0.0,
  "candidate_buy_fills_per_episode": 8.0,
  "baseline_buy_fills_per_episode": 6.821429,
  "delta_buy_fills_per_episode": 1.178571,
  "candidate_dd_episode_count": 16,
  "baseline_dd_episode_count": 28,
  "trade_level_bootstrap": {
    "mean_diff": -0.00011123141854031014,
    "ci95_low": -0.00020252598142515737,
    "ci95_high": -2.3277382831278293e-05,
    "p_gt_0": 0.0072,
    "n_obs": 15647,
    "block_len": 168,
    "n_resamples": 10000,
    "seed": 1505,
    "ci_crosses_zero": false,
    "small_improvement_threshold": 0.0002,
    "is_small_improvement": true,
    "all_blocks": [
      {
        "mean_diff": -0.00011123141854031014,
        "ci95_low": -0.00019951699690558025,
        "ci95_high": -2.714550158174874e-05,
        "p_gt_0": 0.0041,
        "n_obs": 15647,
        "block_len": 42,
        "n_resamples": 10000,
        "seed": 1379
      },
      {
        "mean_diff": -0.00011123141854031014,
        "ci95_low": -0.00020044285934597137,
        "ci95_high": -2.5058434937513278e-05,
        "p_gt_0": 0.0049,
        "n_obs": 15647,
        "block_len": 84,
        "n_resamples": 10000,
        "seed": 1421
      },
      {
        "mean_diff": -0.00011123141854031014,
        "ci95_low": -0.00020252598142515737,
        "ci95_high": -2.3277382831278293e-05,
        "p_gt_0": 0.0072,
        "n_obs": 15647,
        "block_len": 168,
        "n_resamples": 10000,
        "seed": 1505
      }
    ],
    "n_timestamps": 15647
  }
}