{
  "mean_diff": 6.753115254085426e-06,
  "ci95_low": -1.2935300300631256e-05,
  "ci95_high": 2.506029042100639e-05,
  "p_gt_0": 0.7484,
  "n_obs": 15647,
  "block_len": 168,
  "n_resamples": 10000,
  "seed": 1505
}