metric_name,observed_a,observed_b,observed_delta,mean_delta,std_delta,ci_lower,ci_upper,p_a_better,n_bootstrap,block_size,scenario
sharpe,1.5571560942117952,1.5204520063792804,0.03670408783251489,0.037025014240129425,0.05910649819980809,-0.07498839741750302,0.15744060731128498,0.738,2000,10,smart
sharpe,1.5571560942117952,1.5204520063792804,0.03670408783251489,0.03599350672230548,0.05716819183066211,-0.07235763864131406,0.15426184306030374,0.7365,2000,20,smart
sharpe,1.5571560942117952,1.5204520063792804,0.03670408783251489,0.03576734072412222,0.054762762193103554,-0.06902842729155757,0.14613807439215143,0.7325,2000,40,smart
sharpe,1.444287786360275,1.3964268824597723,0.04786090390050268,0.04823891612777379,0.060153207170836526,-0.06667351396906857,0.16699268649168894,0.787,2000,10,base
sharpe,1.444287786360275,1.3964268824597723,0.04786090390050268,0.047209237588622444,0.058327578826133215,-0.06284485661857515,0.16866131625179942,0.792,2000,20,base
sharpe,1.444287786360275,1.3964268824597723,0.04786090390050268,0.04700419082480416,0.05599749349822475,-0.0587414826823632,0.16067281528434266,0.797,2000,40,base
sharpe,1.324934332967814,1.265330179633677,0.05960415333413693,0.060041566367196285,0.06135545146891396,-0.05648493965469779,0.1818653273938666,0.8355,2000,10,harsh
sharpe,1.324934332967814,1.265330179633677,0.05960415333413693,0.059014101318484245,0.059637453489619054,-0.05351925763580609,0.18186522033401756,0.8415,2000,20,harsh
sharpe,1.324934332967814,1.265330179633677,0.05960415333413693,0.05883080907512203,0.057384743434103276,-0.04982962093376341,0.1750133852482492,0.848,2000,40,harsh
