{
  "n_rows": 9,
  "bootstrap": 2000,
  "seed": 1337,
  "gate": {
    "scenario": "harsh",
    "block_size": 10,
    "p_candidate_better": 0.8355,
    "ci_lower": -0.05648493965469779,
    "ci_upper": 0.1818653273938666,
    "observed_delta": 0.05960415333413693
  }
}