scenario,model,total_score,return_term,mdd_penalty,sharpe_term,profit_factor_term,trade_count_term,reject_term,residual
smart,candidate,171.0876,172.8,-23.652,12.4576,4.482,5.0,0.0,0.0
base,candidate,151.0324,154.85,-24.426,11.5544,4.054,5.0,0.0,0.0
harsh,candidate,130.6947,136.75,-25.229999999999997,10.5992,3.5755000000000003,5.0,0.0,0.0
smart,baseline,167.899,169.875,-23.105999999999998,12.164,3.9659999999999993,5.0,0.0,0.0
base,baseline,145.7092,150.025,-24.023999999999997,11.1712,3.537,5.0,0.0,0.0
harsh,baseline,123.3249,130.1,-24.965999999999998,10.1224,3.0684999999999993,5.0,0.0,0.0
