metric_name,observed_a,observed_b,observed_delta,mean_delta,std_delta,ci_lower,ci_upper,p_a_better,n_bootstrap,block_size,scenario
sharpe,1.6370463859237432,1.5204520063792804,0.11659437954446283,0.11836132912834835,0.08353106652413753,-0.03961535343560651,0.28915200730729906,0.927,2000,10,smart
sharpe,1.6370463859237432,1.5204520063792804,0.11659437954446283,0.11843092826572443,0.08408403332975914,-0.04794322282894184,0.279193353880825,0.921,2000,20,smart
sharpe,1.6370463859237432,1.5204520063792804,0.11659437954446283,0.11709826707717269,0.07481182990108723,-0.028234601867099918,0.2648727295173098,0.9405,2000,40,smart
sharpe,1.5010958263973533,1.3964268824597723,0.10466894393758097,0.10642182071605144,0.08454113372027543,-0.05541593540638349,0.2787070272989956,0.9015,2000,10,base
sharpe,1.5010958263973533,1.3964268824597723,0.10466894393758097,0.1065776335387119,0.08541680806121217,-0.06082645017326558,0.2692663740769461,0.889,2000,20,base
sharpe,1.5010958263973533,1.3964268824597723,0.10466894393758097,0.10517462225693615,0.07599449665038487,-0.042113819777942686,0.25378090439885737,0.9145,2000,40,base
sharpe,1.3573443515633237,1.265330179633677,0.09201417192964656,0.09375225207295927,0.08575055670183153,-0.06861991677472086,0.26932421957513186,0.8695,2000,10,harsh
sharpe,1.3573443515633237,1.265330179633677,0.09201417192964656,0.09399870948783913,0.08694888939259247,-0.07545433688277844,0.25780071793677956,0.8595,2000,20,harsh
sharpe,1.3573443515633237,1.265330179633677,0.09201417192964656,0.09252132088399813,0.07735549576274155,-0.05812505505612905,0.2462113937605855,0.8835,2000,40,harsh
