{
  "mean_diff": 1.2369197616644133e-05,
  "ci95_low": -1.0737421332077497e-05,
  "ci95_high": 3.6592205314580995e-05,
  "p_gt_0": 0.8454,
  "n_obs": 15647,
  "block_len": 168,
  "n_resamples": 10000,
  "seed": 1505
}