{
  "n_rows": 9,
  "bootstrap": 2000,
  "seed": 1337,
  "gate": {
    "scenario": "harsh",
    "block_size": 10,
    "p_candidate_better": 0.8695,
    "ci_lower": -0.06861991677472086,
    "ci_upper": 0.26932421957513186,
    "observed_delta": 0.09201417192964656
  }
}