scenario,model,total_score,return_term,mdd_penalty,sharpe_term,profit_factor_term,trade_count_term,reject_term,residual
smart,candidate,186.225,185.9,-22.182,13.096,4.4110000000000005,5.0,0.0,0.0
base,candidate,161.4333,163.725,-23.189999999999998,12.0088,3.8895,5.0,0.0,0.0
harsh,candidate,136.52089999999998,141.54999999999998,-24.221999999999998,10.8584,3.3345000000000002,5.0,0.0,0.0
smart,baseline,167.899,169.875,-23.105999999999998,12.164,3.9659999999999993,5.0,0.0,0.0
base,baseline,145.7092,150.025,-24.023999999999997,11.1712,3.537,5.0,0.0,0.0
harsh,baseline,123.3249,130.1,-24.965999999999998,10.1224,3.0684999999999993,5.0,0.0,0.0
