scenario,model,total_score,return_term,mdd_penalty,sharpe_term,profit_factor_term,trade_count_term,reject_term,residual
smart,candidate,108.5284,96.4,-7.763999999999999,10.7824,5.209999999999999,3.9000000000000004,0.0,0.0
base,candidate,88.87750000000001,79.80000000000001,-8.652,9.312,4.5175,3.9000000000000004,0.0,0.0
harsh,candidate,68.6327,63.125,-9.9,7.7592,3.7485,3.9000000000000004,0.0,0.0
smart,baseline,101.1604,92.125,-9.209999999999999,10.3944,4.351000000000001,3.5,0.0,0.0
base,baseline,83.5206,77.375,-10.26,9.0736,3.832,3.5,0.0,0.0
harsh,baseline,65.4203,62.474999999999994,-11.478,7.6808,3.2425000000000006,3.5,0.0,0.0
