{
  "scenario": "harsh",
  "candidate_trades": 207,
  "baseline_trades": 192,
  "matched_trades": 177,
  "candidate_only_trades": 30,
  "baseline_only_trades": 15,
  "match_rate": 0.855072,
  "matched_delta_pnl_mean": 145.826492,
  "matched_delta_pnl_median": -15.831902,
  "matched_delta_return_mean": 0.017774,
  "matched_delta_return_median": 0.0,
  "matched_win_rate_baseline": 0.40113,
  "matched_win_rate_candidate": 0.40678,
  "matched_win_rate_delta": 0.00565,
  "matched_p_positive": 0.435028,
  "matched_block_bootstrap_ci_lower": -1.1e-05,
  "matched_block_bootstrap_ci_upper": 3.7e-05,
  "matched_block_bootstrap_p_positive": 0.8454,
  "candidate_fees_usd": 73823.302496,
  "baseline_fees_usd": 58985.535216,
  "delta_fees_usd": 14837.76728,
  "candidate_emergency_dd_share": 0.0,
  "baseline_emergency_dd_share": 0.0,
  "delta_emergency_dd_share_pp": 0.0,
  "candidate_buy_fills_per_episode": 7.034483,
  "baseline_buy_fills_per_episode": 6.821429,
  "delta_buy_fills_per_episode": 0.213054,
  "candidate_dd_episode_count": 29,
  "baseline_dd_episode_count": 28,
  "trade_level_bootstrap": {
    "mean_diff": 1.2369197616644133e-05,
    "ci95_low": -1.0737421332077497e-05,
    "ci95_high": 3.6592205314580995e-05,
    "p_gt_0": 0.8454,
    "n_obs": 15647,
    "block_len": 168,
    "n_resamples": 10000,
    "seed": 1505,
    "ci_crosses_zero": true,
    "small_improvement_threshold": 0.0002,
    "is_small_improvement": true,
    "all_blocks": [
      {
        "mean_diff": 1.2369197616644133e-05,
        "ci95_low": -1.3599830039487562e-05,
        "ci95_high": 3.919952589825768e-05,
        "p_gt_0": 0.8171,
        "n_obs": 15647,
        "block_len": 42,
        "n_resamples": 10000,
        "seed": 1379
      },
      {
        "mean_diff": 1.2369197616644133e-05,
        "ci95_low": -1.1916448504459834e-05,
        "ci95_high": 3.819118696167989e-05,
        "p_gt_0": 0.8369,
        "n_obs": 15647,
        "block_len": 84,
        "n_resamples": 10000,
        "seed": 1421
      },
      {
        "mean_diff": 1.2369197616644133e-05,
        "ci95_low": -1.0737421332077497e-05,
        "ci95_high": 3.6592205314580995e-05,
        "p_gt_0": 0.8454,
        "n_obs": 15647,
        "block_len": 168,
        "n_resamples": 10000,
        "seed": 1505
      }
    ],
    "n_timestamps": 15647
  }
}