{
  "miss_k1_sharpe_cv": 0.01476934770491861,
  "miss_k1_sharpe_p5": 0.8148440204261574,
  "miss_k1_sharpe_mean": 0.8254352774217152,
  "miss_k3_sharpe_p5": 0.8032134931677823,
  "outage_168h_sharpe_worst": 0.7496843247665587,
  "outage_168h_sharpe_p5": 0.7844674206265865,
  "delay_1_delta_sharpe": 0.03187962107627751,
  "delay_4_delta_sharpe": -0.032834825293466485,
  "baseline_sharpe": 0.8251266460406624,
  "baseline_cagr_native": 0.14562092693235829
}