{
  "1": {
    "n_draws": 2000,
    "n_entries": 65,
    "sharpe_mean": 0.8254352774217152,
    "sharpe_std": 0.012186582335967849,
    "sharpe_p5": 0.8148440204261574,
    "sharpe_p50": 0.8222069328910386,
    "sharpe_p95": 0.8527775272280794,
    "cagr_native_mean": 0.1453759433302576,
    "cagr_native_p5": 0.1439418548177238,
    "cagr_unit_mean": 0.39331873300447157,
    "cagr_unit_p5": 0.38536179871499976,
    "n_trades_mean": 64.824,
    "n_trades_min": 64,
    "n_trades_max": 65,
    "pct_sharpe_positive": 100.0,
    "pct_cagr_native_positive": 100.0,
    "baseline_sharpe": 0.8251266460406624,
    "baseline_cagr_native": 0.14562092693235829
  },
  "2": {
    "n_draws": 2000,
    "n_entries": 65,
    "sharpe_mean": 0.8253112596673102,
    "sharpe_std": 0.0160379755489705,
    "sharpe_p5": 0.8080286018397171,
    "sharpe_p50": 0.8194866360801132,
    "sharpe_p95": 0.8563452963740572,
    "cagr_native_mean": 0.14509407275030706,
    "cagr_native_p5": 0.14292352135435216,
    "cagr_unit_mean": 0.3929351408763374,
    "cagr_unit_p5": 0.38071693277676927,
    "n_trades_mean": 64.6445,
    "n_trades_min": 63,
    "n_trades_max": 65,
    "pct_sharpe_positive": 100.0,
    "pct_cagr_native_positive": 100.0,
    "baseline_sharpe": 0.8251266460406624,
    "baseline_cagr_native": 0.14562092693235829
  },
  "3": {
    "n_draws": 2000,
    "n_entries": 65,
    "sharpe_mean": 0.8254405443143983,
    "sharpe_std": 0.020263277099317748,
    "sharpe_p5": 0.8032134931677823,
    "sharpe_p50": 0.8175600967271577,
    "sharpe_p95": 0.8696551500661998,
    "cagr_native_mean": 0.1448010815172033,
    "cagr_native_p5": 0.14206988467539788,
    "cagr_unit_mean": 0.39288594078489414,
    "cagr_unit_p5": 0.3769661491383338,
    "n_trades_mean": 64.495,
    "n_trades_min": 62,
    "n_trades_max": 65,
    "pct_sharpe_positive": 100.0,
    "pct_cagr_native_positive": 100.0,
    "baseline_sharpe": 0.8251266460406624,
    "baseline_cagr_native": 0.14562092693235829
  }
}