{
  "real": 122.7849,
  "ema_only": 106.44520000000001,
  "vdo_null_mean": 100.613076,
  "vdo_null_std": 13.844304952702535,
  "p_vdo": 0.06,
  "ema_null_mean": -10.7729385,
  "ema_null_std": 32.99251732892578,
  "p_ema": 0.0
}