{
  "kelly": {
    "n_trades": 189,
    "win_rate": 0.38095238095238093,
    "payoff_ratio": 3.4199942014547746,
    "bernoulli_kelly": 0.1999439983111786,
    "empirical_kelly": 2.0,
    "half_kelly": 1.0,
    "quarter_kelly": 0.5
  },
  "fraction_sweep": {
    "0.1": {
      "cagr": 5.630062684566695,
      "mdd": 5.876631484685085,
      "sharpe": 1.2477427753918058,
      "calmar": 0.9580424941123217,
      "trades": 211,
      "geo_growth": 5.4769328973445415,
      "min_nav_pct": 99.7251845617372,
      "avg_frac": 0.1
    },
    "0.15": {
      "cagr": 8.42657316885429,
      "mdd": 8.601504451806347,
      "sharpe": 1.2526845664134039,
      "calmar": 0.9796627108743376,
      "trades": 211,
      "geo_growth": 8.08978427273326,
      "min_nav_pct": 99.5878806376434,
      "avg_frac": 0.14999999999999997
    },
    "0.2": {
      "cagr": 11.20897820088953,
      "mdd": 11.200488996595722,
      "sharpe": 1.2569475144378488,
      "calmar": 1.0007579315774864,
      "trades": 211,
      "geo_growth": 10.62341423601882,
      "min_nav_pct": 99.45064591024142,
      "avg_frac": 0.2
    },
    "0.25": {
      "cagr": 13.975919831650007,
      "mdd": 13.684025600009056,
      "sharpe": 1.2606192674238705,
      "calmar": 1.0213310205763395,
      "trades": 211,
      "geo_growth": 13.080865056459109,
      "min_nav_pct": 99.31348037953113,
      "avg_frac": 0.25
    },
    "0.3": {
      "cagr": 16.7260185621807,
      "mdd": 16.06132887100723,
      "sharpe": 1.2637730616869127,
      "calmar": 1.0413844767460878,
      "trades": 211,
      "geo_growth": 15.464939735547079,
      "min_nav_pct": 99.17638404551262,
      "avg_frac": 0.29999999999999993
    },
    "0.4": {
      "cagr": 22.170101121105468,
      "mdd": 20.528995330448176,
      "sharpe": 1.268764303141784,
      "calmar": 1.079940872129443,
      "trades": 211,
      "geo_growth": 20.023136234638013,
      "min_nav_pct": 98.90239896755082,
      "avg_frac": 0.4
    },
    "0.5": {
      "cagr": 27.52999241524674,
      "mdd": 24.65870548125777,
      "sharpe": 1.272313097441165,
      "calmar": 1.1164411058062775,
      "trades": 211,
      "geo_growth": 24.316584484373003,
      "min_nav_pct": 98.62869067635603,
      "avg_frac": 0.5
    },
    "0.6": {
      "cagr": 32.79445893626938,
      "mdd": 28.494735147776584,
      "sharpe": 1.2747090452681729,
      "calmar": 1.1508953765035537,
      "trades": 211,
      "geo_growth": 28.36141995185854,
      "min_nav_pct": 98.35525917192827,
      "avg_frac": 0.5999999999999999
    },
    "0.8": {
      "cagr": 42.99284921140276,
      "mdd": 35.42317314774058,
      "sharpe": 1.2768682002515686,
      "calmar": 1.2136927720193527,
      "trades": 211,
      "geo_growth": 35.76015831843946,
      "min_nav_pct": 97.80922652337374,
      "avg_frac": 0.8
    },
    "1.0": {
      "cagr": 52.67921028833984,
      "mdd": 41.53306852673476,
      "sharpe": 1.276469618678688,
      "calmar": 1.2683678850848772,
      "trades": 211,
      "geo_growth": 42.31418265431387,
      "min_nav_pct": 97.26430102188726,
      "avg_frac": 1.0
    },
    "2.0": {
      "cagr": 90.86155826126534,
      "mdd": 69.09844830544172,
      "sharpe": 1.2557784243573653,
      "calmar": 1.3149580126549631,
      "trades": 211,
      "geo_growth": 64.63368459906957,
      "min_nav_pct": 94.55628072047521,
      "avg_frac": 2.0
    }
  },
  "vol_targeting": {
    "0.1": {
      "cagr": 15.68631535535767,
      "mdd": 10.192764852942613,
      "sharpe": 1.5192306052637194,
      "calmar": 1.538965686118923,
      "trades": 210,
      "geo_growth": 14.570285238162967,
      "min_nav_pct": 99.32731496607026,
      "avg_frac": 0.2238165234629768
    },
    "0.15": {
      "cagr": 23.368725418692705,
      "mdd": 14.527404286634798,
      "sharpe": 1.5266745521840654,
      "calmar": 1.6085960683418108,
      "trades": 210,
      "geo_growth": 20.99940319487009,
      "min_nav_pct": 98.99146145486834,
      "avg_frac": 0.3356028422645417
    },
    "0.2": {
      "cagr": 29.48557665885041,
      "mdd": 18.92653811104907,
      "sharpe": 1.4985320197541279,
      "calmar": 1.5578959282383031,
      "trades": 210,
      "geo_growth": 25.83827985484179,
      "min_nav_pct": 98.65593394750836,
      "avg_frac": 0.4449466188152594
    },
    "0.25": {
      "cagr": 34.123913292856756,
      "mdd": 23.11091310309156,
      "sharpe": 1.4624602300873006,
      "calmar": 1.4765281294009964,
      "trades": 210,
      "geo_growth": 29.357515034099364,
      "min_nav_pct": 98.32073244399037,
      "avg_frac": 0.5495636613429841
    },
    "0.3": {
      "cagr": 37.98084715605694,
      "mdd": 26.76180385367245,
      "sharpe": 1.4266774052773081,
      "calmar": 1.4192185012537908,
      "trades": 210,
      "geo_growth": 32.192412663717654,
      "min_nav_pct": 97.98585694431429,
      "avg_frac": 0.6441199435816163
    },
    "0.4": {
      "cagr": 43.411821540261066,
      "mdd": 32.90799823991446,
      "sharpe": 1.37200150194327,
      "calmar": 1.319187548989425,
      "trades": 210,
      "geo_growth": 36.052713500439964,
      "min_nav_pct": 97.45464235207955,
      "avg_frac": 0.7803315367154599
    },
    "0.5": {
      "cagr": 46.93084949721032,
      "mdd": 37.80025456328855,
      "sharpe": 1.3325809592966944,
      "calmar": 1.2415485038238172,
      "trades": 210,
      "geo_growth": 38.47672880457667,
      "min_nav_pct": 97.33983933333198,
      "avg_frac": 0.8730611529224974
    }
  },
  "bootstrap": {
    "f=1.00": {
      "cagr": {
        "mean": 11.5038,
        "std": 18.5995,
        "p5": -15.3155,
        "p25": -1.9199,
        "p50": 9.6962,
        "p75": 22.9515,
        "p95": 45.475
      },
      "mdd": {
        "mean": 65.0343,
        "std": 12.6243,
        "p5": 45.4753,
        "p25": 55.263,
        "p50": 64.3477,
        "p75": 74.4376,
        "p95": 86.7733
      },
      "sharpe": {
        "mean": 0.4271,
        "std": 0.4078,
        "p5": -0.2371,
        "p25": 0.1484,
        "p50": 0.4322,
        "p75": 0.7086,
        "p95": 1.096
      },
      "calmar": {
        "mean": 0.2264,
        "std": 0.3516,
        "p5": -0.1876,
        "p25": -0.0262,
        "p50": 0.1583,
        "p75": 0.4085,
        "p95": 0.875
      },
      "geo_growth": {
        "mean": 9.5336,
        "std": 16.4006,
        "p5": -16.6227,
        "p25": -1.9385,
        "p50": 9.2538,
        "p75": 20.6607,
        "p95": 37.481
      },
      "min_nav_pct": {
        "mean": 61.9714,
        "std": 24.4732,
        "p5": 19.4598,
        "p25": 43.1457,
        "p50": 63.4785,
        "p75": 82.818,
        "p95": 97.6863
      }
    },
    "f=0.50": {
      "cagr": {
        "mean": 7.8486,
        "std": 9.3552,
        "p5": -6.2962,
        "p25": 1.1513,
        "p50": 7.2478,
        "p75": 13.9838,
        "p95": 24.4824
      },
      "mdd": {
        "mean": 40.4434,
        "std": 10.8911,
        "p5": 25.6629,
        "p25": 32.0003,
        "p50": 38.9032,
        "p75": 47.2731,
        "p95": 61.4326
      },
      "sharpe": {
        "mean": 0.4363,
        "std": 0.4067,
        "p5": -0.2307,
        "p25": 0.1578,
        "p50": 0.4418,
        "p75": 0.7164,
        "p95": 1.1059
      },
      "calmar": {
        "mean": 0.2524,
        "std": 0.3088,
        "p5": -0.113,
        "p25": 0.0252,
        "p50": 0.19,
        "p75": 0.4089,
        "p95": 0.8277
      },
      "geo_growth": {
        "mean": 7.1836,
        "std": 8.6029,
        "p5": -6.5028,
        "p25": 1.1447,
        "p50": 6.9967,
        "p75": 13.0878,
        "p95": 21.898
      },
      "min_nav_pct": {
        "mean": 79.6584,
        "std": 15.9829,
        "p5": 47.8749,
        "p25": 69.681,
        "p50": 82.8249,
        "p75": 92.9715,
        "p95": 99.0773
      }
    },
    "f=0.30": {
      "cagr": {
        "mean": 5.2192,
        "std": 5.5859,
        "p5": -3.4434,
        "p25": 1.2428,
        "p50": 4.9194,
        "p75": 8.9567,