{
  "E0_Native": {
    "test_ks": [
      0.25,
      0.5,
      0.75,
      1.0
    ],
    "sharpes": [
      1.0773365733395106,
      1.0773365733395106,
      1.0773365733395108,
      1.0773365733395106
    ],
    "sharpe_pct_range": 2.0610513967491237e-14,
    "sharpe_quasi_constant": true,
    "mdds": [
      0.20611047729483134,
      0.3779237257467921,
      0.5189789217787811,
      0.6330351775051142
    ],
    "mdd_monotonic": true,
    "cagrs": [
      0.11681358779728468,
      0.2328094891874577,
      0.34505484559362665,
      0.4504450324904816
    ],
    "cagr_monotonic": true,
    "pass": true
  },
  "E5_Native": {
    "test_ks": [
      0.25,
      0.5,
      0.75,
      1.0
    ],
    "sharpes": [
      1.207648620762395,
      1.207648620762395,
      1.2076486207623949,
      1.207648620762395
    ],
    "sharpe_pct_range": 1.8386524118650782e-14,
    "sharpe_quasi_constant": true,
    "mdds": [
      0.17195514182530458,
      0.3230062441519864,
      0.45359436053151525,
      0.5647306495234081
    ],
    "mdd_monotonic": true,
    "cagrs": [
      0.12953604056067003,
      0.26172944677796073,
      0.3937792280481791,
      0.5225565805109569
    ],
    "cagr_monotonic": true,
    "pass": true
  },
  "SM_Native": {
    "test_ks": [
      0.25,
      0.5,
      0.75,
      1.0
    ],
    "sharpes": [
      1.3117855384085118,
      1.3117855384085118,
      1.3117855384085113,
      1.3117855384085118
    ],
    "sharpe_pct_range": 3.385379674095522e-14,
    "sharpe_quasi_constant": true,
    "mdds": [
      0.03877774413384949,
      0.07671252668325879,
      0.1137850622709683,
      0.1499785981822851
    ],
    "mdd_monotonic": true,
    "cagrs": [
      0.03409902086194316,
      0.06865003812419324,
      0.10362360569412488,
      0.13898851296891968
    ],
    "cagr_monotonic": true,
    "pass": true
  },
  "LATCH_Native": {
    "test_ks": [
      0.25,
      0.5,
      0.75,
      1.0
    ],
    "sharpes": [
      1.3147570754201092,
      1.3147570754201092,
      1.3147570754201094,
      1.3147570754201092
    ],
    "sharpe_pct_range": 1.6888641185222795e-14,
    "sharpe_quasi_constant": true,
    "mdds": [
      0.02870391057894839,
      0.057017192946156925,
      0.0849258511011457,
      0.11241683869571395
    ],
    "mdd_monotonic": true,
    "cagrs": [
      0.02759802297108971,
      0.05549852284517143,
      0.08368620731537746,
      0.1121450184474222
    ],
    "cagr_monotonic": true,
    "pass": true
  },
  "E0_plus_EMA1D21_Native": {
    "test_ks": [
      0.25,
      0.5,
      0.75,
      1.0
    ],
    "sharpes": [
      1.1637653404300747,
      1.1637653404300747,
      1.1637653404300747,
      1.1637653404300747
    ],
    "sharpe_pct_range": 0.0,
    "sharpe_quasi_constant": true,
    "mdds": [
      0.17263339259662747,
      0.3237692135926189,
      0.45410618850217954,
      0.5648442291016098
    ],
    "mdd_monotonic": true,
    "cagrs": [
      0.12469849325618076,
      0.25085991536436625,
      0.3756643984796799,
      0.49601808427834926
    ],
    "cagr_monotonic": true,
    "pass": true
  },
  "E5_plus_EMA1D21_Native": {
    "test_ks": [
      0.25,
      0.5,
      0.75,
      1.0
    ],
    "sharpes": [
      1.304696448156534,
      1.304696448156534,
      1.3046964481565335,
      1.304696448156534
    ],
    "sharpe_pct_range": 3.4037741919013945e-14,
    "sharpe_quasi_constant": true,
    "mdds": [
      0.13703777982691445,
      0.26407092046779057,
      0.3799035621133895,
      0.48384706613745176
    ],
    "mdd_monotonic": true,
    "cagrs": [
      0.1381482811646917,
      0.281631883818072,
      0.42787293586788433,
      0.5738685591071122
    ],
    "cagr_monotonic": true,
    "pass": true
  }
}