signal,cagr_pct,mdd_pct,sharpe,profit_factor,trades,exposure_pct,score
E0,45.04450324904765,63.30351775051166,1.0773365733395106,1.4858427803918424,452,45.2255921123138,90.67705396098742
E5,52.255658051096155,56.47306495234069,1.207648620762395,1.533683719901375,488,44.062801414639374,114.08491372194202
SM,31.037133598667932,61.622843053409525,0.8837058250094789,1.7470794504660008,154,34.739041903332975,56.424172017029946
LATCH,31.988557936482408,59.182637535270146,0.9062354511184099,1.759329849328566,154,34.567570464044586,60.50834517563404
E0_plus_EMA1D21,49.60180842783435,56.48442291016116,1.1637653404300747,1.5862538307985428,402,43.71985853606259,107.3552592009225
E5_plus_EMA1D21,57.386855910710686,48.38470661374542,1.304696448156534,1.6411880186651746,434,42.551709355910404,133.07982748710762
