{
  "config": {
    "cost_bps": [
      2,
      5,
      10,
      15,
      20,
      25,
      30,
      40,
      50,
      75,
      100
    ],
    "strategies": [
      "E0",
      "E5+EMA1D21",
      "E5+EMA1D21+X14D",
      "E5+EMA1D21+X18"
    ],
    "x18_alpha": 40,
    "x14d_thresh": 0.5,
    "x18_thresh": 0.7175779575794714,
    "boot_cps_bps": 15,
    "n_boot": 500
  },
  "t0_summary": {
    "E0": {
      "10": {
        "strategy": "E0",
        "cost_bps": 10,
        "sharpe": 1.5480080332703214,
        "cagr": 69.73251891159593,
        "mdd": 38.17359123929565,
        "calmar": 1.8267214754427854,
        "trades": 211,
        "final_nav": 320993.69724111626,
        "freq": 29.550517638036812,
        "cost_drag_bps_yr": 295.5051763803681
      },
      "15": {
        "strategy": "E0",
        "cost_bps": 15,
        "sharpe": 1.5141219972776419,
        "cagr": 67.50081521108255,
        "mdd": 38.59683000856755,
        "calmar": 1.7488694070497246,
        "trades": 211,
        "final_nav": 288854.0220293099,
        "freq": 29.550517638036812,
        "cost_drag_bps_yr": 443.2577645705522
      },
      "20": {
        "strategy": "E0",
        "cost_bps": 20,
        "sharpe": 1.4802155440168931,
        "cagr": 65.29845392641862,
        "mdd": 39.025151653933264,
        "calmar": 1.6732402350533164,
        "trades": 211,
        "final_nav": 259932.33966483411,
        "freq": 29.550517638036812,
        "cost_drag_bps_yr": 591.0103527607362
      },
      "50": {
        "strategy": "E0",
        "cost_bps": 50,
        "sharpe": 1.276469618678688,
        "cagr": 52.67921028833984,
        "mdd": 41.53306852673476,
        "calmar": 1.2683678850848772,
        "trades": 211,
        "final_nav": 138022.85782206693,
        "freq": 29.550517638036812,
        "cost_drag_bps_yr": 1477.5258819018404
      }
    },
    "E5+EMA1D21": {
      "10": {
        "strategy": "E5+EMA1D21",
        "cost_bps": 10,
        "sharpe": 1.7430758044045,
        "cagr": 80.22542884619317,
        "mdd": 35.386228088566504,
        "calmar": 2.26713705245444,
        "trades": 202,
        "final_nav": 583510.3380659879,
        "freq": 28.290069018404907,
        "cost_drag_bps_yr": 282.9006901840491
      },
      "15": {
        "strategy": "E5+EMA1D21",
        "cost_bps": 15,
        "sharpe": 1.7089062985301307,
        "cagr": 77.90558814914712,
        "mdd": 35.796454265298614,
        "calmar": 2.17634929906087,
        "trades": 202,
        "final_nav": 527454.248521037,
        "freq": 28.290069018404907,
        "cost_drag_bps_yr": 424.3510352760736
      },
      "20": {
        "strategy": "E5+EMA1D21",
        "cost_bps": 20,
        "sharpe": 1.6747078009282346,
        "cagr": 75.6156073177561,
        "mdd": 36.21242426615364,
        "calmar": 2.0881122667181136,
        "trades": 202,
        "final_nav": 476783.2814545758,
        "freq": 28.290069018404907,
        "cost_drag_bps_yr": 565.8013803680982
      },
      "50": {
        "strategy": "E5+EMA1D21",
        "cost_bps": 50,
        "sharpe": 1.469036076601517,
        "cagr": 62.4815849733863,
        "mdd": 40.90447064321874,
        "calmar": 1.5275001482935626,
        "trades": 202,
        "final_nav": 260098.4157644853,
        "freq": 28.290069018404907,
        "cost_drag_bps_yr": 1414.5034509202455
      }
    },
    "E5+EMA1D21+X14D": {
      "10": {
        "strategy": "E5+EMA1D21+X14D",
        "cost_bps": 10,
        "sharpe": 1.595304573539352,
        "cagr": 76.2248872503454,
        "mdd": 41.68710564007885,
        "calmar": 1.8285003499274177,
        "trades": 106,
        "final_nav": 478529.1082826644,
        "freq": 14.845283742331288,
        "cost_drag_bps_yr": 148.4528374233129
      },
      "15": {
        "strategy": "E5+EMA1D21+X14D",
        "cost_bps": 15,
        "sharpe": 1.5790663211955813,
        "cagr": 75.06864983649251,
        "mdd": 42.035935607923825,
        "calmar": 1.7858208399753561,
        "trades": 106,
        "final_nav": 453827.43216532265,
        "freq": 14.845283742331288,
        "cost_drag_bps_yr": 222.67925613496934
      },
      "20": {
        "strategy": "E5+EMA1D21+X14D",
        "cost_bps": 20,
        "sharpe": 1.5628185645393355,
        "cagr": 73.91999823710572,
        "mdd": 42.38267899117748,
        "calmar": 1.7441086782761692,
        "trades": 106,
        "final_nav": 430400.8481980827,
        "freq": 14.845283742331288,
        "cost_drag_bps_yr": 296.9056748466258
      },
      "50": {
        "strategy": "E5+EMA1D21+X14D",
        "cost_bps": 50,
        "sharpe": 1.4651598243178572,
        "cagr": 67.18461887724212,
        "mdd": 44.42001705522228,
        "calmar": 1.512485211199249,
        "trades": 106,
        "final_nav": 313160.5336320706,
        "freq": 14.845283742331288,
        "cost_drag_bps_yr": 742.2641871165645
      }
    },
    "E5+EMA1D21+X18": {
      "10": {
        "strategy": "E5+EMA1D21+X18",
        "cost_bps": 10,
        "sharpe": 1.731470734500268,
        "cagr": 84.36013150861335,
        "mdd": 34.25294299198297,
        "calmar": 2.4628579076652817,
        "trades": 161,
        "final_nav": 708711.0130096948,
        "freq": 22.548025306748468,
        "cost_drag_bps_yr": 225.48025306748465
      },
      "15": {
        "strategy": "E5+EMA1D21+X18",
        "cost_bps": 15,
        "sharpe": 1.705808677542119,
        "cagr": 82.48478230823295,
        "mdd": 34.572296253929935,
        "calmar": 2.385863574186417,
        "trades": 161,
        "final_nav": 653895.6705410668,
        "freq": 22.548025306748468,
        "cost_drag_bps_yr": 338.220379601227
      },
      "20": {
        "strategy": "E5+EMA1D21+X18",
        "cost_bps": 20,
        "sharpe": 1.680128561855281,
        "cagr": 80.62850885333039,
        "mdd": 34.89861853865017,
        "calmar": 2.3103639120853576,
        "trades": 161,
        "final_nav": 603320.0094196256,
        "freq": 22.548025306748468,
        "cost_drag_bps_yr": 450.9605061349693
      },
      "50": {
        "strategy": "E5+EMA1D21+X18",
        "cost_bps": 50,
        "sharpe": 1.525737674908783,
        "cagr": 69.88071805990594,
        "mdd": 36.82266129281068,
        "calmar": 1.897763920543939,
        "trades": 161,
        "final_nav": 372205.52257658134,
        "freq": 22.548025306748468,
        "cost_drag_bps_yr": 1127.4012653374234
      }
    }
  },
  "t1_breakeven": {
    "E0": {
      "be_sharpe_0": 999.0,
      "be_cagr_0": 999.0
    },
    "E5+EMA1D21": {
      "be_sharpe_0": 999.0,
      "be_cagr_0": 999.0
    },
    "E5+EMA1D21+X14D": {
      "be_sharpe_0": 999.0,
      "be_cagr_0": 999.0
    },
    "E5+EMA1D21+X18": {
      "be_sharpe_0": 999.0,
      "be_cagr_0": 999.0
    }
  },
  "t2_churn_value": [
    {
      "cost_bps": 2,
      "d_sharpe_x14d": -0.1764162330174237,
      "d_sharpe_x18": -0.025191629509049296,
      "d_cagr_x14d": -5.9094857893930595,
      "d_cagr_x18": 3.400601480494956
    },
    {
      "cost_bps": 5,
      "d_sharpe_x14d": -0.16568120559635213,
      "d_sharpe_x18": -0.02010053646278842,
      "d_cagr_x14d": -5.186758327174985,
      "d_cagr_x18": 3.679233668153401
    },
    {
      "cost_bps": 10,
      "d_sharpe_x14d": -0.14777123086514798,
      "d_sharpe_x18": -0.011605069904232046,
      "d_cagr_x14d": -4.000541595847764,
      "d_cagr_x18": 4.134702662420182
    },
    {
      "cost_bps": 15,
      "d_sharpe_x14d": -0.12983997733454933,
      "d_sharpe_x18": -0.0030976209880115846,
      "d_cagr_x14d": -2.8369383126546097,
      "d_cagr_x18": 4.57919415908583
    },
    {
      "cost_bps": 20,
      "d_sharpe_x14d": -0.11188923638889903,
      "d_sharpe_x18": 0.005420760927046464,
      "d_cagr_x14d": -1.6956090806503852,
      "d_cagr_x18": 5.0129015355742865
    },
    {
      "cost_bps": 25,
      "d_sharpe_x14d": -0.093920803113694,
      "d_sharpe_x18": 0.013949023769202817,
      "d_cagr_x14d": -0.576219196534737,