system,sharpe,cagr,mdd,trades,boot_median_sharpe_b20,boot_median_cagr_b20,boot_p_sharpe_gt0_b20
"Our candidate (full sample, annual refit)",1.29138743017764,0.3829643808277392,-0.31409684371684454,93,1.2721221882368887,0.3729266906439499,0.999
Benchmark A,1.638,0.728,-0.385,186,0.766,0.244,0.968
Benchmark B,1.83,0.804,-0.336,196,0.733,0.217,0.966
Benchmark C,1.533,0.578,-0.373,211,0.516,0.122,0.894
