block_size,median_sharpe,p_sharpe_gt_0,median_cagr,p_cagr_gt_0,median_mdd,sharpe_p05,sharpe_p95,cagr_p05,cagr_p95
5,0.1976207329055351,0.604,0.019679994461719086,0.5475,-0.24347008420137362,-0.9796986894522643,1.2833045196144963,-0.17899486696490088,0.2777823697686734
10,0.1755703220233812,0.5995,0.015205582432812892,0.549,-0.2489399440979842,-1.1130488386869348,1.2861310942022686,-0.18882751056836453,0.2982988554394416
20,0.18001097683825465,0.5865,0.01574418008695455,0.536,-0.25696117547790565,-1.1920170193673232,1.381106332247629,-0.19331769016067074,0.33823217046980664
40,0.1418485320918524,0.56,0.00735009129432429,0.5225,-0.262320094028068,-1.2937478470384474,1.3569840297110713,-0.19741071547759492,0.338576024758597
