{
  "factorial": {
    "FULL": {
      "smart": {
        "sharpe": 1.7225777076648547,
        "cagr": 78.82991953767184,
        "mdd": 35.62930776806014,
        "calmar": 2.2125021359056225,
        "trades": 202
      },
      "base": {
        "sharpe": 1.5993803155857962,
        "cagr": 70.68086818109245,
        "mdd": 37.55691472643385,
        "calmar": 1.8819668414174824,
        "trades": 202
      },
      "harsh": {
        "sharpe": 1.469036076601517,
        "cagr": 62.4815849733863,
        "mdd": 40.90447064321874,
        "calmar": 1.5275001482935626,
        "trades": 202
      }
    },
    "TP2": {
      "smart": {
        "sharpe": 1.6436231423963683,
        "cagr": 59.070652571323,
        "mdd": 37.20131146093,
        "calmar": 1.5878647889432844,
        "trades": 202
      },
      "base": {
        "sharpe": 1.4939389442958502,
        "cagr": 51.82200580975438,
        "mdd": 40.368984549259046,
        "calmar": 1.2837084308256534,
        "trades": 202
      },
      "harsh": {
        "sharpe": 1.3355622855186515,
        "cagr": 44.528677412365305,
        "mdd": 43.53945577075373,
        "calmar": 1.0227201195811926,
        "trades": 202
      }
    },
    "TP3": {
      "smart": {
        "sharpe": 1.411851797137651,
        "cagr": 46.48726504797054,
        "mdd": 41.794377927011325,
        "calmar": 1.1122851290945102,
        "trades": 202
      },
      "base": {
        "sharpe": 1.2577342729859475,
        "cagr": 39.81202720719463,
        "mdd": 44.74024664497238,
        "calmar": 0.8898481835184172,
        "trades": 202
      },
      "harsh": {
        "sharpe": 1.0947428329733107,
        "cagr": 33.0956423004866,
        "mdd": 47.688183404428194,
        "calmar": 0.6940009020644186,
        "trades": 202
      }
    }
  },
  "timescale": {
    "FULL": {
      "30": {
        "sharpe": 1.0830187863662042,
        "cagr": 38.34250246929294,
        "mdd": 46.796083149442204,
        "calmar": 0.8193528152099193,
        "trades": 250
      },
      "48": {
        "sharpe": 0.9948873534921925,
        "cagr": 34.74141902866865,
        "mdd": 46.51909343335174,
        "calmar": 0.7468206378192418,
        "trades": 238
      },
      "60": {
        "sharpe": 1.1568607660315093,
        "cagr": 43.7774248641017,
        "mdd": 41.123537094049226,
        "calmar": 1.0645345210452848,
        "trades": 230
      },
      "72": {
        "sharpe": 1.2274732210228771,
        "cagr": 47.899851524206014,
        "mdd": 42.04838502009194,
        "calmar": 1.139160314987557,
        "trades": 225
      },
      "84": {
        "sharpe": 1.2478443977309817,
        "cagr": 49.554536417072484,
        "mdd": 41.23774761655389,
        "calmar": 1.2016790266493609,
        "trades": 217
      },
      "96": {
        "sharpe": 1.2539537273709676,
        "cagr": 49.92858836844447,
        "mdd": 43.42534008710631,
        "calmar": 1.1497569913855223,
        "trades": 211
      },
      "108": {
        "sharpe": 1.3852544260650506,
        "cagr": 57.415598497143705,
        "mdd": 39.96675218377121,
        "calmar": 1.4365840444862998,
        "trades": 207
      },
      "120": {
        "sharpe": 1.469036076601517,
        "cagr": 62.4815849733863,
        "mdd": 40.90447064321874,
        "calmar": 1.5275001482935626,
        "trades": 202
      },
      "144": {
        "sharpe": 1.4496532442388854,
        "cagr": 60.72447549240281,
        "mdd": 41.11107000830769,
        "calmar": 1.4770833130865155,
        "trades": 189
      },
      "168": {
        "sharpe": 1.3131513211817154,
        "cagr": 52.44430951240713,
        "mdd": 46.66797439955606,
        "calmar": 1.123775141029177,
        "trades": 187
      },
      "200": {
        "sharpe": 1.5463601376090181,
        "cagr": 64.88473359348062,
        "mdd": 36.517302696236285,
        "calmar": 1.7768216380386732,
        "trades": 169
      },
      "240": {
        "sharpe": 1.4022322975428383,
        "cagr": 55.650012993281806,
        "mdd": 39.94795326749865,
        "calmar": 1.3930629341793648,
        "trades": 166
      },
      "300": {
        "sharpe": 1.2999726539928862,
        "cagr": 49.622471448588,
        "mdd": 39.190841158819886,
        "calmar": 1.2661752078117996,
        "trades": 164
      },
      "360": {
        "sharpe": 1.290905431139037,
        "cagr": 48.60927517811564,
        "mdd": 38.12212124436858,
        "calmar": 1.2750936619324726,
        "trades": 161
      },
      "500": {
        "sharpe": 1.21324944563557,
        "cagr": 43.99467087636448,
        "mdd": 45.776168870149235,
        "calmar": 0.9610824138901132,
        "trades": 151
      },
      "720": {
        "sharpe": 1.0979772316809915,
        "cagr": 37.562708062119185,
        "mdd": 39.02221004857084,
        "calmar": 0.9625981720503524,
        "trades": 148
      }
    },
    "TP2": {
      "30": {
        "sharpe": 0.8366754088451914,
        "cagr": 22.391832651505595,
        "mdd": 44.952690108502516,
        "calmar": 0.4981199700720541,
        "trades": 250
      },
      "48": {
        "sharpe": 0.6724444694106965,
        "cagr": 17.136013165226327,
        "mdd": 41.975423600253,
        "calmar": 0.4082391955926096,
        "trades": 238
      },
      "60": {
        "sharpe": 0.923420237522946,
        "cagr": 27.11064069372835,
        "mdd": 40.888679695316654,
        "calmar": 0.6630353656744161,
        "trades": 230
      },
      "72": {
        "sharpe": 1.0155503608967231,
        "cagr": 30.71687117971309,
        "mdd": 41.80033571713444,
        "calmar": 0.7348474755699603,
        "trades": 225
      },
      "84": {
        "sharpe": 1.035628079348887,
        "cagr": 31.830197146236404,
        "mdd": 41.254026922192054,
        "calmar": 0.7715658208656905,
        "trades": 217
      },
      "96": {
        "sharpe": 1.056209322772799,
        "cagr": 32.64263731046106,
        "mdd": 43.98072250640005,
        "calmar": 0.7422032984044526,
        "trades": 211
      },
      "108": {
        "sharpe": 1.2155026695070366,
        "cagr": 39.37896840268069,
        "mdd": 40.00460318515272,
        "calmar": 0.9843609301765497,
        "trades": 207
      },
      "120": {
        "sharpe": 1.3355622855186515,
        "cagr": 44.528677412365305,
        "mdd": 43.53945577075373,
        "calmar": 1.0227201195811926,
        "trades": 202
      },
      "144": {
        "sharpe": 1.3423741358066754,
        "cagr": 44.399832757020555,
        "mdd": 42.28125049317904,
        "calmar": 1.0501068970082448,
        "trades": 189
      },
      "168": {
        "sharpe": 1.156443394857853,
        "cagr": 36.145032825751365,
        "mdd": 48.37849956115613,
        "calmar": 0.7471300919545836,
        "trades": 187
      },
      "200": {
        "sharpe": 1.4481144471445033,
        "cagr": 47.55305840439059,
        "mdd": 33.98597612975126,
        "calmar": 1.3991964868933906,
        "trades": 169
      },
      "240": {
        "sharpe": 1.29633009753372,
        "cagr": 40.68881321108857,
        "mdd": 37.4180666313741,
        "calmar": 1.0874108919612653,
        "trades": 166
      },
      "300": {
        "sharpe": 1.1776327107871738,
        "cagr": 35.62748877224491,
        "mdd": 38.298937949618676,
        "calmar": 0.9302474345140329,
        "trades": 164
      },
      "360": {
        "sharpe": 1.1559156117573288,
        "cagr": 34.448686569738584,
        "mdd": 36.25069104936451,
        "calmar": 0.9502904792305327,
        "trades": 161
      },
      "500": {
        "sharpe": 1.04284531504905,
        "cagr": 29.90207193946648,
        "mdd": 44.73368618586807,
        "calmar": 0.6684464100549111,
        "trades": 151
      },
      "720": {
        "sharpe": 0.9337835396175536,
        "cagr": 25.41619572141731,
        "mdd": 38.23812969490287,
        "calmar": 0.6646819790667032,
        "trades": 148
      }
    },